"lat","lon","weight"
33.751660000000001,-84.467889999999997,8.21809323
33.70008,-84.418030000000002,7.4581621806
33.73386,-84.396900000000002,7.0476679062
33.722529999999999,-84.425110000000004,6.9187773437
33.825980000000001,-84.363349999999997,6.1190988463
33.783079999999998,-84.458820000000003,7.9022534903
33.746429999999997,-84.466340000000002,9.0486156702
33.745330000000003,-84.31429,9.9200871518
33.721649999999997,-84.352369999999993,9.9841513401
33.75461,-84.415549999999996,8.4731980261
33.681159999999998,-84.405900000000003,6.1349603764
33.803879999999999,-84.412779999999998,6.285453137
33.683869999999999,-84.502039999999994,6.6613408476
33.67315,-84.371610000000004,7.2539079932
33.759320000000002,-84.374420000000001,8.6329471965
33.759320000000002,-84.374420000000001,7.6271451551
33.761580000000002,-84.384960000000007,8.6329471965
33.697310000000002,-84.410870000000003,6.2013509124
33.703490000000002,-84.499499999999998,9.2348636889
33.752899999999997,-84.489320000000006,8.1304998924
33.75714,-84.386099999999999,6.7224947309
33.791530000000002,-84.389930000000007,6.7224947309
33.767620000000001,-84.372,8.6539726782
33.650410000000001,-84.356300000000005,9.1531995645
33.705829999999999,-84.457160000000002,9.9200871518
33.758789999999998,-84.374319999999997,6.0171259296
33.77149,-84.369349999999997,7.4214281157
33.755389999999998,-84.382360000000006,6.349018122
33.840969999999999,-84.383809999999997,6.9674462118
33.792310000000001,-84.404859999999999,6.0273627337
33.75273,-84.432429999999997,8.5217080419
33.7423,-84.504559999999998,8.1974813858
33.786969999999997,-84.389589999999998,6.0130055332
33.74147,-84.312179999999998,9.4659305624
33.832799999999999,-84.410330000000002,9.8101334777
33.761450000000004,-84.372900000000001,6.5488168787
33.803849999999997,-84.396100000000004,6.7905517291
33.77617,-84.472719999999995,7.7718772764
33.67597,-84.41601,7.7718772764
33.746479999999998,-84.368759999999995,6.1631771728
33.716909999999999,-84.392759999999996,6.306937568
33.752519999999997,-84.40437,7.9898943892
33.672849999999997,-84.387289999999993,7.4571602534
33.743470000000002,-84.355029999999999,7.7718772764
33.70055,-84.451490000000007,7.9898943892
33.810070000000003,-84.371300000000005,9.8101334777
33.706400000000002,-84.383210000000005,8.2056093005
33.639699999999998,-84.443979999999996,8.7093716724
33.67051,-84.502989999999997,8.5217080419
33.772440000000003,-84.408770000000004,9.8101334777
33.85398,-84.364599999999996,8.1266867341
33.701090000000001,-84.466070000000002,7.3295087441
33.82658,-84.357960000000006,7.3295087441
33.755040000000001,-84.414569999999998,6.6819409199
33.782020000000003,-84.380219999999994,6.6819409199
33.66122,-84.513850000000005,8.2101393083
33.687060000000002,-84.359769999999997,8.4004665618
33.784269999999999,-84.362430000000003,6.2361861515
33.755070000000003,-84.490279999999998,7.2031635313
33.751980000000003,-84.430459999999997,8.2101393083
33.686770000000003,-84.497730000000004,6.2361861515
33.784529999999997,-84.414779999999993,9.1564917438
33.780320000000003,-84.384020000000007,6.2361861515
33.682740000000003,-84.409019999999998,7.5729434613
33.742400000000004,-84.505949999999999,8.2101393083
33.722029999999997,-84.428569999999993,7.4177690295
33.641599999999997,-84.441890000000001,9.5451016893
33.732230000000001,-84.430109999999999,6.3045305001
33.659140000000001,-84.351290000000006,7.7623170894
33.693069999999999,-84.358050000000006,6.2441293543
33.752740000000003,-84.400689999999997,7.7755949783
33.764609999999998,-84.510270000000006,7.8250706772
33.766199999999998,-84.378399999999999,7.6544161812
33.664259999999999,-84.512810000000002,7.0968173855
33.716909999999999,-84.392759999999996,6.5752411017
33.77469,-84.365610000000004,7.8422905558
33.76755,-84.507660000000001,9.4996287162
33.751289999999997,-84.419780000000003,9.4996287162
33.782110000000003,-84.381699999999995,7.3750915745
33.810070000000003,-84.371300000000005,7.9898943892
33.731490000000001,-84.425790000000006,7.2707548417
33.813299999999998,-84.425989999999999,7.3044992037
33.698160000000001,-84.408479999999997,7.6346122261
33.717750000000002,-84.418340000000001,8.7016828763
33.768120000000003,-84.39443,8.8918456274
33.775089999999999,-84.374669999999995,9.0459802746
33.704949999999997,-84.482990000000001,8.7016828763
33.679130000000001,-84.401510000000002,7.9158874051
33.746760000000002,-84.355950000000007,6.7575118415
33.681489999999997,-84.371520000000004,6.2531112161
33.760199999999998,-84.385540000000006,6.9635887254
33.743630000000003,-84.433009999999996,8.7768938806
33.716889999999999,-84.411609999999996,9.4996287162
33.751989999999999,-84.415700000000001,9.0459802746
33.755890000000001,-84.385630000000006,9.0899797678
33.699069999999999,-84.359179999999995,7.1071133563
33.664659999999998,-84.383380000000002,6.413326318
33.65119,-84.356579999999994,6.1631771728
33.751829999999998,-84.466229999999996,7.1071133563
33.786000000000001,-84.389340000000004,6.9111152064
33.735059999999997,-84.458590000000001,7.4488890254
33.766469999999998,-84.372029999999995,7.4374803685
33.683869999999999,-84.502039999999994,6.7989364872
33.785260000000001,-84.383099999999999,7.4714240948
33.768729999999998,-84.450810000000004,7.6544161812
33.762790000000003,-84.418120000000002,7.3295087441
33.753599999999999,-84.50788,6.8328795975
33.732019999999999,-84.435109999999995,7.2590030847
33.741160000000001,-84.426869999999994,6.5752411017
33.765639999999998,-84.396690000000007,7.9519995188
33.700800000000001,-84.410179999999997,9.5558890629
33.725079999999998,-84.422709999999995,9.5010396508
33.755040000000001,-84.414569999999998,8.3703719232
33.786499999999997,-84.393659999999997,7.7250296388
33.730980000000002,-84.379769999999994,7.2116291094
33.750549999999997,-84.395169999999993,7.0407953585
33.731000000000002,-84.38955,6.1103626124
33.762479999999996,-84.507909999999995,7.3834072192
33.774769999999997,-84.406700000000001,6.2470032545
33.755459999999999,-84.38185,6.2470032545
33.751939999999998,-84.404889999999995,8.2162533474
33.710819999999998,-84.419139999999999,9.0312428369
33.79757,-84.407730000000001,8.812877809
33.765149999999998,-84.503839999999997,7.8873598468
33.662239999999997,-84.51858,7.874181044
33.784219999999998,-84.411839999999998,6.5270052023
33.761209999999998,-84.463040000000007,6.3630338551
33.67051,-84.502989999999997,8.2162533474
33.712960000000002,-84.409210000000002,7.1071133563
33.751829999999998,-84.466229999999996,7.8767742148
33.784550000000003,-84.411420000000007,7.2377324538
33.752749999999999,-84.371859999999998,6.8964841855
33.728360000000002,-84.427750000000003,9.5010396508
33.748510000000003,-84.442499999999995,6.6139374838
33.777909999999999,-84.500470000000007,7.912413533
33.786499999999997,-84.393659999999997,8.0657646043
33.82403,-84.363280000000003,6.6072872738
33.650880000000001,-84.363619999999997,6.6072872738
33.669699999999999,-84.494029999999995,9.1742870407
33.696069999999999,-84.409509999999997,9.89016279
33.680669999999999,-84.394009999999994,9.888265796
33.717700000000001,-84.384870000000006,9.5412544786
33.750709999999998,-84.42304,7.863365847
33.727730000000001,-84.39134,7.3489702763
33.788559999999997,-84.369919999999993,6.5488168787
33.784759999999999,-84.386139999999997,7.519893124
33.755240000000001,-84.485429999999994,8.5250516576
33.755330000000001,-84.440619999999996,9.4641301518
33.799219999999998,-84.357159999999993,8.5250516576
33.672319999999999,-84.359889999999993,8.0355800352
33.750830000000001,-84.44341,7.9199646768
33.69171,-84.535439999999994,6.5547324849
33.801740000000002,-84.410929999999993,7.8317723252
33.772880000000001,-84.387770000000003,8.0335608624
33.814509999999999,-84.408069999999995,8.1584662128
33.640720000000002,-84.44435,9.4641301518
33.756830000000001,-84.389070000000004,8.2486223817
33.772480000000002,-84.404949999999999,6.108233813
33.743319999999997,-84.505250000000004,7.0476679062
33.762689999999999,-84.397019999999998,8.2056093005
33.683869999999999,-84.502039999999994,9.9200871518
33.761279999999999,-84.373230000000007,7.7359998234
33.821489999999997,-84.351609999999994,9.9200871518
33.776890000000002,-84.408069999999995,6.6613408476
33.85248,-84.360579999999999,6.2440984962
33.821260000000002,-84.454139999999995,9.0459802746
33.823689999999999,-84.350570000000005,9.8101334777
33.764690000000002,-84.499229999999997,9.9643844116
33.70731,-84.396739999999994,6.6204800201
33.726050000000001,-84.445809999999994,7.2189806008
33.797190000000001,-84.475269999999995,7.8752980205
33.67436,-84.37979,8.2372588404
33.73527,-84.361109999999996,9.9200871518
33.781239999999997,-84.379080000000002,7.8195175088
33.68289,-84.353890000000007,7.7718772764
33.828510000000001,-84.440529999999995,8.1304998924
33.672420000000002,-84.367360000000005,6.6789245519
33.757570000000001,-84.365629999999996,7.7261399423
33.764240000000001,-84.332359999999994,7.6583768559
33.85277,-84.351249999999993,8.1974813858
33.749749999999999,-84.392139999999998,6.0130055332
33.823999999999998,-84.365210000000005,7.8591648981
33.861289999999997,-84.362480000000005,9.8101334777
33.696629999999999,-84.412440000000004,7.5542304303
33.751190000000001,-84.389960000000002,9.8416941111
33.781559999999999,-84.494489999999999,8.2343999192
33.78575,-84.384510000000006,6.7310534639
33.760280000000002,-84.391499999999994,7.5152635095
33.730510000000002,-84.375290000000007,9.8881371952
33.74877,-84.315129999999996,8.965275604
33.669820000000001,-84.389949999999999,6.7905517291
33.752940000000002,-84.487750000000005,7.0802776821
33.820549999999997,-84.362409999999997,8.0951239794
33.812669999999997,-84.374120000000005,7.9898943892
33.75468,-84.344399999999993,6.0591613749
33.755029999999998,-84.3643,7.8250706772
33.67268,-84.385069999999999,6.0088815864
33.672789999999999,-84.394639999999995,8.4004665618
33.762860000000003,-84.374049999999997,9.3733393047
33.738930000000003,-84.426339999999996,9.3135324233
33.749420000000001,-84.402280000000005,6.2361861515
33.752650000000003,-84.442790000000002,8.0523570293
33.741210000000002,-84.420839999999998,9.4996287162
33.762390000000003,-84.333709999999996,6.2361861515
33.737769999999998,-84.423100000000005,6.2361861515
33.704810000000002,-84.422730000000001,6.9056552227
33.771560000000001,-84.372669999999999,9.1564917438
33.789990000000003,-84.471559999999997,7.4374155581
33.784669999999998,-84.457170000000005,6.7463250155
33.741100000000003,-84.437479999999994,7.1211746094
33.763959999999997,-84.357560000000007,7.6544161812
33.802819999999997,-84.42107,7.4374155581
33.740569999999998,-84.417379999999994,6.7463250155
33.707999999999998,-84.376810000000006,7.4374155581
33.710970000000003,-84.397890000000004,7.4374155581
33.675289999999997,-84.394660000000002,6.6819409199
33.770670000000003,-84.380229999999997,6.5671129071
33.706470000000003,-84.421509999999998,6.9942156687
33.702620000000003,-84.384910000000005,9.109548218
33.725940000000001,-84.35812,7.7303272474
33.690190000000001,-84.525869999999998,9.0899797678
33.787430000000001,-84.379230000000007,6.9635887254
33.729860000000002,-84.351560000000006,9.0459802746
33.792290000000001,-84.384020000000007,7.7618212254
33.769820000000003,-84.419669999999996,8.7016828763
33.786569999999998,-84.386309999999995,8.2315355098
33.76576,-84.394679999999994,8.7016828763
33.669670000000004,-84.515050000000002,7.0140293631
33.738750000000003,-84.418000000000006,6.7989654314
33.722740000000002,-84.462639999999993,6.0885316103
33.772880000000001,-84.387770000000003,6.7989364872
33.683869999999999,-84.502039999999994,7.3718361597
33.713160000000002,-84.410659999999993,6.7989654314
33.760730000000002,-84.460489999999993,7.7618212254
33.748240000000003,-84.301969999999997,9.0459802746
33.841439999999999,-84.394450000000006,7.3295087441
33.740789999999997,-84.380340000000004,7.2590030847
33.729480000000002,-84.361649999999997,9.2287658972
33.749969999999998,-84.454999999999998,9.1531995645
33.664059999999999,-84.517049999999998,9.5781338908
33.703200000000002,-84.377009999999999,7.4097737582
33.700499999999998,-84.506399999999999,6.4128704383
33.746009999999998,-84.420929999999998,6.6229518957
33.776980000000002,-84.451740000000001,7.7686271756
33.722180000000002,-84.458690000000004,7.7308960315
33.773679999999999,-84.380480000000006,7.7686271756
33.767800000000001,-84.359430000000003,7.546932287
33.639699999999998,-84.443979999999996,7.2116291094
33.745100000000001,-84.508579999999995,7.546932287
33.780189999999997,-84.348529999999997,9.5010396508
33.754939999999998,-84.420540000000003,7.4027514534
33.751939999999998,-84.38964,6.4506389026
33.717149999999997,-84.377359999999996,7.5948872847
33.746549999999999,-84.291259999999994,6.00606114
33.722619999999999,-84.397360000000006,9.8654679597
33.764980000000001,-84.431150000000002,6.8547852404
33.76341,-84.390609999999995,9.8545593219
33.750880000000002,-84.433329999999998,9.0459802746
33.717750000000002,-84.523790000000005,6.0595127397
33.76614,-84.387600000000006,7.5240473643
33.76361,-84.428420000000003,8.0523570293
33.758569999999999,-84.462410000000006,8.0523570293
33.851819999999996,-84.359499999999997,7.8317723252
33.783630000000002,-84.382949999999994,7.738839002
33.664450000000002,-84.391859999999994,7.6360754813
33.653649999999999,-84.381060000000005,7.1388887978
33.762860000000003,-84.374049999999997,7.8422905558
33.781790000000001,-84.383780000000002,7.2206753217
33.637509999999999,-84.448239999999998,7.7986276272
33.698689999999999,-84.482650000000007,9.9990085442
33.737400000000001,-84.396169999999998,9.9990085442
33.747019999999999,-84.358400000000003,9.5745980976
33.666989999999998,-84.390090000000001,6.6613408476
33.769089999999998,-84.382080000000002,7.7618212254
33.691360000000003,-84.510369999999995,7.6271451551
33.75414,-84.394440000000003,9.5745980976
33.751609999999999,-84.391120000000001,7.3208178007
33.74277,-84.407560000000004,6.2690686193
33.71799,-84.386529999999993,7.9142574643
33.741210000000002,-84.402100000000004,8.1304998924
33.76191,-84.360389999999995,9.9200871518
33.741459999999996,-84.349350000000001,6.8866671503
33.816580000000002,-84.365039999999993,8.1749012991
33.763890000000004,-84.512349999999998,8.1567064592
33.706429999999997,-84.423249999999996,7.2189806008
33.745330000000003,-84.31429,6.7224947309
33.761830000000003,-84.360259999999997,8.1304998924
33.766739999999999,-84.362629999999996,8.2392495417
33.695610000000002,-84.490499999999997,6.2013509124
33.820650000000001,-84.452740000000006,6.7224947309
33.64996,-84.360609999999994,8.6329471965
33.844769999999997,-84.372579999999999,7.2481275791
33.708939999999998,-84.420929999999998,6.0273627337
33.718989999999998,-84.432839999999999,9.5010396508
33.775620000000004,-84.503150000000005,8.1266867341
33.719839999999998,-84.416579999999996,8.3977295138
33.711309999999997,-84.352919999999997,9.4659305624
33.764130000000002,-84.373090000000005,8.130686286
33.759729999999998,-84.392070000000004,8.5217080419
33.809429999999999,-84.36148,7.5152635095
33.746679999999998,-84.408500000000004,8.5217080419
33.704389999999997,-84.463399999999993,6.5488168787
33.686770000000003,-84.497730000000004,9.8101334777
33.80856,-84.375060000000005,9.8550737252
33.767290000000003,-84.374319999999997,9.6243033628
33.80856,-84.375060000000005,8.7093716724
33.746699999999997,-84.373990000000006,6.2274229516
33.75264,-84.417000000000002,6.6072872738
33.746699999999997,-84.373990000000006,6.2274229516
33.785469999999997,-84.445930000000004,7.9898943892
33.772219999999997,-84.375590000000003,7.3316602208
33.717939999999999,-84.403400000000005,6.5806218938
33.771369999999997,-84.424059999999997,7.7718772764
33.795830000000002,-84.414119999999997,8.0972873219
33.772449999999999,-84.362579999999994,8.0972873219
33.772309999999997,-84.362579999999994,6.0591613749
33.790260000000004,-84.493690000000001,6.1631771728
33.747729999999997,-84.423490000000001,6.5806218938
33.734699999999997,-84.398910000000001,6.5488168787
33.694310000000002,-84.370940000000004,6.7310534639
33.771889999999999,-84.372500000000002,7.8890520778
33.751190000000001,-84.389960000000002,7.4341044789
33.754539999999999,-84.491010000000003,6.1368640146
33.753120000000003,-84.392080000000007,7.7177398287
33.762360000000001,-84.417730000000006,6.6974294081
33.701970000000003,-84.351230000000001,8.4004665618
33.77187,-84.414249999999996,9.1564917438
33.708959999999998,-84.450119999999998,8.0523570293
33.716410000000003,-84.371200000000002,8.8173457646
33.64217,-84.447000000000003,6.1248329685
33.689839999999997,-84.504909999999995,7.6544161812
33.706490000000002,-84.480369999999994,7.1211746094
33.723669999999998,-84.396510000000006,7.4374155581
33.663899999999998,-84.523769999999999,7.4376030545
33.777610000000003,-84.491720000000001,8.2101393083
33.659120000000001,-84.358310000000003,6.9362542085
33.737250000000003,-84.333430000000007,6.2417031766
33.781959999999998,-84.408349999999999,6.9635887254
33.772129999999997,-84.378140000000002,8.9960795414
33.742829999999998,-84.398859999999999,8.947660992
33.758139999999997,-84.500410000000002,8.7016828763
33.734459999999999,-84.449269999999999,8.8918456274
33.738880000000002,-84.395560000000003,8.4127641587
33.761510000000001,-84.345320000000001,8.2043217013
33.814549999999997,-84.477930000000001,9.109548218
33.809060000000002,-84.436509999999998,7.0664854774
33.75177,-84.485699999999994,6.7575118415
33.820650000000001,-84.452740000000006,7.7618212254
33.752650000000003,-84.441839999999999,8.2043217013
33.751829999999998,-84.466229999999996,7.7618212254
33.799100000000003,-84.423810000000003,8.7768938806
33.650019999999998,-84.357050000000001,9.0459802746
33.755670000000002,-84.376919999999998,7.7618212254
33.760199999999998,-84.385540000000006,9.0174683705
33.816560000000003,-84.449299999999994,6.7989654314
33.865839999999999,-84.379850000000005,7.4347119761
33.761279999999999,-84.373230000000007,7.3718361597
33.761279999999999,-84.373230000000007,7.1140446744
33.730339999999998,-84.404660000000007,6.2441293543
33.689480000000003,-84.48818,7.7395358882
33.786499999999997,-84.393659999999997,6.9851634801
33.784120000000001,-84.412639999999996,7.3250572171
33.680880000000002,-84.373739999999998,6.5752411017
33.803879999999999,-84.412779999999998,6.6332086494
33.786349999999999,-84.397970000000001,8.681275339
33.802160000000001,-84.436670000000007,9.1531995645
33.755850000000002,-84.487750000000005,9.3316687198
33.85033,-84.378460000000004,6.2470032545
33.845880000000001,-84.38843,7.2116291094
33.751840000000001,-84.445959999999999,7.2116291094
33.79392,-84.500780000000006,7.4374155581
33.761240000000001,-84.363910000000004,9.0312428369
33.778039999999997,-84.464370000000002,9.4510867715
33.745339999999999,-84.380809999999997,6.3930245982
33.78257,-84.411670000000001,7.2116291094
33.733829999999998,-84.447789999999998,8.5181930923
33.846760000000003,-84.362120000000004,8.2162533474
33.701599999999999,-84.466579999999993,7.4097737582
33.709389999999999,-84.449640000000002,7.552987498
33.849580000000003,-84.42962,7.2377324538
33.739019999999996,-84.432450000000003,7.7686271756
33.779350000000001,-84.37218,9.1531995645
33.701909999999998,-84.360810000000001,6.4105260503
33.708820000000003,-84.354140000000001,7.7686271756
33.757370000000002,-84.426540000000003,7.7686271756
33.767209999999999,-84.352919999999997,7.7686271756
33.756779999999999,-84.354380000000006,7.552987498
33.66357,-84.393919999999994,6.3630338551
33.803879999999999,-84.367149999999995,7.7686271756
33.792659999999998,-84.407269999999997,8.2056093005
33.746209999999998,-84.402929999999998,8.0657646043
33.740969999999997,-84.418090000000007,8.0633897794
33.756059999999998,-84.515169999999998,9.8268818384
33.714489999999998,-84.391379999999998,7.7217675271
33.808660000000003,-84.398989999999998,6.1791666684
33.756340000000002,-84.417420000000007,8.5250516576
33.84413,-84.374089999999995,6.4506389026
33.783079999999998,-84.458820000000003,9.8109050825
33.844430000000003,-84.371099999999998,9.8545593219
33.709119999999999,-84.396730000000005,8.0657646043
33.81053,-84.363339999999994,7.8114219346
33.735729999999997,-84.371099999999998,7.8317723252
33.752769999999998,-84.474289999999996,7.5209065478
33.756839999999997,-84.404449999999997,7.5209065478
33.698689999999999,-84.482650000000007,6.6456517456
33.692399999999999,-84.516369999999995,7.8317723252
33.700879999999998,-84.473330000000004,8.1006978875
33.810119999999998,-84.389679999999998,6.6456517456
33.67671,-84.509219999999999,8.0523570293
33.746510000000001,-84.406750000000002,8.0657646043
33.765740000000001,-84.381879999999995,8.0657646043
33.694429999999997,-84.538030000000006,8.2519889185
33.749490000000002,-84.463930000000005,8.2056093005
33.752189999999999,-84.468779999999995,7.1547090851
33.740369999999999,-84.43477,6.039242612
33.764809999999997,-84.454610000000002,6.1190988463
33.739899999999999,-84.406369999999995,9.9200871518
33.813740000000003,-84.389439999999993,7.9708323986
33.718449999999997,-84.431139999999999,9.997769396
33.700420000000001,-84.380589999999998,6.039242612
33.673389999999998,-84.498469999999998,8.2056093005
33.746409999999997,-84.442179999999993,8.2372588404
33.674239999999998,-84.496970000000005,8.2392495417
33.776609999999998,-84.354200000000006,9.9200871518
33.724939999999997,-84.395930000000007,7.9112145997
33.747399999999999,-84.392979999999994,9.5745980976
33.71564,-84.392560000000003,7.9112145997
33.674239999999998,-84.496970000000005,8.2392495417
33.655709999999999,-84.509079999999997,9.9841513401
33.759320000000002,-84.374420000000001,9.8109050825
33.767980000000001,-84.39161,7.3295087441
33.731999999999999,-84.338489999999993,7.8335206879
33.726320000000001,-84.384079999999997,6.6121629857
33.758490000000002,-84.385800000000003,7.9353052179
33.662050000000001,-84.516040000000004,9.848370728
33.761009999999999,-84.373450000000005,9.0984446788
33.753810000000001,-84.474249999999998,9.8101334777
33.855640000000001,-84.355029999999999,7.5152635095
33.77469,-84.365610000000004,9.5574339903
33.712719999999997,-84.413489999999996,8.965275604
33.863,-84.422749999999994,8.1266867341
33.7729,-84.350639999999999,7.0477574127
33.791089999999997,-84.400880000000001,8.5217080419
33.779330000000002,-84.379710000000003,6.6382284396
33.730490000000003,-84.350849999999994,6.1631771728
33.739800000000002,-84.417509999999993,8.0989610045
33.729509999999998,-84.363969999999995,6.9029203071
33.841830000000002,-84.375900000000001,7.9898943892
33.777889999999999,-84.481849999999994,8.0384491991
33.729680000000002,-84.394589999999994,8.1304998924
33.722029999999997,-84.428569999999993,7.3443383055
33.869709999999998,-84.406409999999994,7.7261399423
33.742750000000001,-84.418149999999997,8.0972873219
33.761069999999997,-84.356359999999995,8.1304998924
33.82114,-84.447130000000001,7.4177690295
33.691949999999999,-84.387379999999993,8.9398811801
33.82403,-84.363280000000003,7.659696442
33.740049999999997,-84.42456,7.7177398287
33.700809999999997,-84.453270000000003,9.1564917438
33.706110000000002,-84.356999999999999,6.2361861515
33.752749999999999,-84.371859999999998,8.4004665618
33.740699999999997,-84.367639999999994,7.7751047059
33.70532,-84.359589999999997,6.9955900566
33.75956,-84.383709999999994,7.7395358882
33.751559999999998,-84.398870000000002,6.7176378183
33.675820000000002,-84.405730000000005,7.6544161812
33.747990000000001,-84.390339999999995,6.2441293543
33.751069999999999,-84.387559999999993,7.3723818635
33.738950000000003,-84.44614,7.7686271756
33.710000000000001,-84.448629999999994,6.4516325703
33.848619999999997,-84.428690000000003,9.1132103315
33.741790000000002,-84.349729999999994,9.1132103315
33.811959999999999,-84.391390000000001,9.0459802746
33.773269999999997,-84.508290000000002,6.9635887254
33.779139999999998,-84.411159999999995,6.7575118415
33.740569999999998,-84.417379999999994,7.1071133563
33.797890000000002,-84.371009999999998,7.4347119761
33.791800000000002,-84.405720000000002,6.7989364872
33.726529999999997,-84.445549999999997,7.0195642457
33.787909999999997,-84.399910000000006,7.4027514534
33.722279999999998,-84.410510000000002,6.7989654314
33.762549999999997,-84.383279999999999,6.5395565995
33.683230000000002,-84.534499999999994,7.4347119761
33.729259999999996,-84.463710000000006,7.4347119761
33.684100000000001,-84.401200000000003,7.364111437
33.789610000000003,-84.384590000000003,6.4406399981
33.79119,-84.39743,6.4866859536
33.822760000000002,-84.36721,6.5752411017
33.75947,-84.394720000000007,7.2590030847
33.808579999999999,-84.468670000000003,7.4027514534
33.717359999999999,-84.428439999999995,6.5752411017
33.793210000000002,-84.489940000000004,8.2162533474
33.680779999999999,-84.493920000000003,8.5181930923
33.81588,-84.407790000000006,6.2470032545
33.761609999999997,-84.385919999999999,7.2116291094
33.781869999999998,-84.379050000000007,9.5010396508
33.692540000000001,-84.501149999999996,9.0459802746
33.763829999999999,-84.358980000000003,9.1531995645
33.78275,-84.379980000000003,7.5812743264
33.824190000000002,-84.36712,7.7622297918
33.786499999999997,-84.393659999999997,7.8168754504
33.794919999999998,-84.412270000000007,7.8767742148
33.798740000000002,-84.391639999999995,7.0863841374
33.757599999999996,-84.479619999999997,7.546932287
33.689920000000001,-84.489170000000001,6.9392714992
33.794879999999999,-84.412409999999994,7.7990265845
33.767899999999997,-84.392560000000003,7.7686271756
33.85615,-84.381690000000006,7.7686271756
33.81353,-84.389430000000004,7.4539065289
33.752389999999998,-84.443730000000002,7.7686271756
33.818060000000003,-84.350819999999999,6.3630338551
33.799250000000001,-84.476519999999994,6.3630338551
33.751660000000001,-84.467889999999997,7.3575106747
33.741819999999997,-84.396069999999995,8.1085663198
33.697180000000003,-84.360849999999999,8.0467057317
33.725239999999999,-84.427080000000004,7.3192689186
33.797420000000002,-84.406710000000004,6.00606114
33.660609999999998,-84.355490000000003,8.4901429132
33.789990000000003,-84.471559999999997,7.0150674342
33.689509999999999,-84.366349999999997,6.7008429932
33.71611,-84.361720000000005,7.519893124
33.844279999999998,-84.366020000000006,9.8109050825
33.657319999999999,-84.357789999999994,8.5250516576
33.782870000000003,-84.354770000000002,6.3662951764
33.7502,-84.395560000000003,9.100930959
33.726669999999999,-84.362579999999994,9.8109050825
33.82002,-84.38776,9.2491421506
33.779229999999998,-84.383769999999998,6.0273627337
33.713740000000001,-84.422380000000004,7.972693744
33.855449999999998,-84.354219999999998,8.0523570293
33.756749999999997,-84.362020000000001,8.0523570293
33.791510000000002,-84.393640000000005,8.0523570293
33.715530000000001,-84.410780000000003,8.046792451
33.68553,-84.392439999999993,7.5948872847
33.710270000000001,-84.455669999999998,6.5547324849
33.832729999999998,-84.368660000000006,8.0523570293
33.800400000000003,-84.393230000000003,9.8109050825
33.797260000000001,-84.355860000000007,7.5803724906
33.764569999999999,-84.386189999999999,7.6940723693
33.757660000000001,-84.365989999999996,8.1832914212
33.691000000000003,-84.541960000000003,6.1190988463
33.772820000000003,-84.382109999999997,9.9960349086
33.702350000000003,-84.417929999999998,8.8173958936
33.797240000000002,-84.406679999999994,9.4491138385
33.798569999999998,-84.426050000000004,7.1219976511
33.758180000000003,-84.447419999999994,7.6271451551
33.803879999999999,-84.412779999999998,6.6331723978
33.832729999999998,-84.368660000000006,8.6329471965
33.877890000000001,-84.380139999999997,8.8173958936
33.773890000000002,-84.475520000000003,6.039242612
33.76294,-84.424779999999998,8.1259099168
33.77075,-84.386489999999995,7.5983995297
33.731319999999997,-84.409549999999996,6.7224947309
33.798609999999996,-84.473370000000003,8.505539261
33.75459,-84.417659999999998,6.7224947309
33.771450000000002,-84.46884,7.1071133563
33.705629999999999,-84.402540000000002,8.1304998924
33.847479999999997,-84.367369999999994,7.5983995297
33.793329999999997,-84.474159999999998,7.9112145997
33.780140000000003,-84.387469999999993,8.2056093005
33.752459999999999,-84.46669,7.3384713853
33.728209999999997,-84.38767,9.9200871518
33.763820000000003,-84.433130000000006,8.1640821289
33.713450000000002,-84.387389999999996,8.1006978875
33.717449999999999,-84.456090000000003,8.1266867341
33.796210000000002,-84.489400000000003,7.7616040662
33.695959999999999,-84.486230000000006,8.5563563625
33.755279999999999,-84.460149999999999,7.5542304303
33.755040000000001,-84.414569999999998,7.2087434405
33.780990000000003,-84.407570000000007,9.8275677094
33.750839999999997,-84.322730000000007,6.5488168787
33.764629999999997,-84.394580000000005,8.0295742465
33.799880000000002,-84.470230000000001,9.8550737252
33.711410000000001,-84.384469999999993,8.0295742465
33.756100000000004,-84.389020000000002,6.5488168787
33.740780000000001,-84.445400000000006,7.504669977
33.763849999999998,-84.440719999999999,7.4571602534
33.735230000000001,-84.447010000000006,7.7733350481
33.735320000000002,-84.432839999999999,6.5806218938
33.741230000000002,-84.443290000000005,6.5806218938
33.64085,-84.439149999999998,7.0802776821
33.67051,-84.502989999999997,6.5806218938
33.669350000000001,-84.511600000000001,7.4584484904
33.77364,-84.382959999999997,7.1383281566
33.728349999999999,-84.507900000000006,7.8777962149
33.777560000000001,-84.384820000000005,7.5291387785
33.754260000000002,-84.339569999999995,7.1916253417
33.652979999999999,-84.368440000000007,6.5590751833
33.805109999999999,-84.448099999999997,6.6819409199
33.730040000000002,-84.39555,9.3135324233
33.807679999999998,-84.394300000000001,8.2101393083
33.755029999999998,-84.3643,6.8629197101
33.789560000000002,-84.449190000000002,6.2361861515
33.724730000000001,-84.399820000000005,8.2101393083
33.75515,-84.430059999999997,7.5197114697
33.734529999999999,-84.361429999999999,7.7718772764
33.809620000000002,-84.36497,7.6544161812
33.717480000000002,-84.471260000000001,6.2441293543
33.805950000000003,-84.464160000000007,7.6544161812
33.875830000000001,-84.367490000000004,6.2441293543
33.73827,-84.434470000000005,8.2162533474
33.862929999999999,-84.370909999999995,7.6544161812
33.650440000000003,-84.365899999999996,8.2101393083
33.680869999999999,-84.493920000000003,6.2441293543
33.715960000000003,-84.435839999999999,6.2361861515
33.641419999999997,-84.436539999999994,7.4374155581
33.707270000000001,-84.455060000000003,6.9362542085
33.751640000000002,-84.41883,7.4027514534
33.739800000000002,-84.417509999999993,7.4027514534
33.764159999999997,-84.417739999999995,6.2441293543
33.822690000000001,-84.371139999999997,7.6544161812
33.751559999999998,-84.398870000000002,7.4027514534
33.701700000000002,-84.412270000000007,6.9362542085
33.669400000000003,-84.389970000000005,7.4714240948
33.811810000000001,-84.372330000000005,8.7016828763
33.737729999999999,-84.419619999999995,9.0459802746
33.789529999999999,-84.468770000000006,8.8612162664
33.758099999999999,-84.502579999999995,7.3381348367
33.787039999999998,-84.383409999999998,7.7618212254
33.778959999999998,-84.495220000000003,8.0523570293
33.739150000000002,-84.291309999999996,8.7016828763
33.749220000000001,-84.390870000000007,7.7618212254
33.813920000000003,-84.394540000000006,7.9459715671
33.760449999999999,-84.385559999999998,8.4372657658
33.762740000000001,-84.455929999999995,7.8422905558
33.763930000000002,-84.348730000000003,8.7016828763
33.706980000000001,-84.374499999999998,7.0334496681
33.755040000000001,-84.414569999999998,6.3967779869
33.758940000000003,-84.420209999999997,7.1071133563
33.747489999999999,-84.404139999999998,9.0459802746
33.742710000000002,-84.345420000000004,7.3295087441
33.74738,-84.464560000000006,7.3295087441
33.790999999999997,-84.418909999999997,6.413326318
33.761290000000002,-84.389139999999998,9.0459802746
33.660609999999998,-84.355490000000003,7.3295087441
33.73603,-84.419640000000001,7.3295087441
33.721319999999999,-84.413129999999995,7.2590030847
33.751199999999997,-84.458359999999999,7.7735283261
33.696350000000002,-84.534959999999998,7.2590030847
33.760019999999997,-84.391779999999997,6.5752411017
33.679900000000004,-84.508949999999999,9.1531995645
33.751309999999997,-84.346630000000005,9.4005100872
33.801749999999998,-84.415760000000006,8.7917767237
33.706980000000001,-84.374499999999998,6.7725998832
33.672730000000001,-84.39067,8.2162533474
33.657769999999999,-84.508769999999998,7.7308960315
33.774799999999999,-84.508390000000006,8.0825748365
33.788739999999997,-84.404679999999999,9.5010396508
33.750439999999998,-84.299480000000003,7.4097737582
33.803879999999999,-84.412779999999998,7.874181044
33.833530000000003,-84.352329999999995,6.3630338551
33.797890000000002,-84.371009999999998,6.3630338551
33.742690000000003,-84.511250000000004,7.546932287
33.754539999999999,-84.340609999999998,7.2377324538
33.842930000000003,-84.358249999999998,8.3948228318
33.846870000000003,-84.372839999999997,7.8767742148
33.707099999999997,-84.421949999999995,7.4097737582
33.718800000000002,-84.423569999999998,8.6329471965
33.79081,-84.427329999999998,7.3295087441
33.756050000000002,-84.348129999999998,6.7770312018
33.771659999999997,-84.418379999999999,8.0657646043
33.6965,-84.379779999999997,8.0657646043
33.822960000000002,-84.363460000000003,7.8422905558
33.725320000000004,-84.436199999999999,6.00606114
33.774979999999999,-84.352909999999994,6.00606114
33.729909999999997,-84.416070000000005,7.7217675271
33.738799999999998,-84.413600000000002,7.7217675271
33.696649999999998,-84.360460000000003,8.2306705033
33.698689999999999,-84.482650000000007,8.2306705033
33.814250000000001,-84.456789999999998,8.2306705033
33.820650000000001,-84.452740000000006,9.8545593219
33.71266,-84.393370000000004,9.4460524824
33.676349999999999,-84.379170000000002,7.8975534485
33.700519999999997,-84.413430000000005,8.5250516576
33.6982,-84.498589999999993,7.7217675271
33.753120000000003,-84.392080000000007,7.2811465824
33.870170000000002,-84.359669999999994,7.0150674342
33.791739999999997,-84.385069999999999,8.5250516576
33.793559999999999,-84.386089999999996,9.3405749531
33.75029,-84.395049999999998,9.100930959
33.789090000000002,-84.425179999999997,9.4641301518
33.789090000000002,-84.425179999999997,9.2469130713
33.654269999999997,-84.507379999999998,9.3405749531
33.656379999999999,-84.388130000000004,6.5547324849
33.775390000000002,-84.383129999999994,7.0150674342
33.769120000000001,-84.465199999999996,9.4641301518
33.765129999999999,-84.418189999999996,7.6360754813
33.690579999999997,-84.411670000000001,7.5209065478
33.727780000000003,-84.423240000000007,6.6456517456
33.751150000000003,-84.377200000000002,9.3405749531
33.758040000000001,-84.439710000000005,6.2205042662
33.736539999999998,-84.406999999999996,6.6456517456
33.7059,-84.41525,8.0523570293
33.748060000000002,-84.468389999999999,8.0523570293
33.822960000000002,-84.363460000000003,8.0523570293
33.68947,-84.487979999999993,6.2755074566
33.762369999999997,-84.42465,7.6594171681
33.739849999999997,-84.514409999999998,8.1584662128
33.830469999999998,-84.367630000000005,6.5806218938
33.74071,-84.440870000000004,7.5209065478
33.714370000000002,-84.43965,7.0476679062
33.760669999999998,-84.383539999999996,7.0476679062
33.719279999999998,-84.509330000000006,7.0476679062
33.74774,-84.326650000000001,7.7647078837
33.759929999999997,-84.416719999999998,7.4901857072
33.657769999999999,-84.508769999999998,9.1034569646
33.681489999999997,-84.371520000000004,9.9286811698
33.782539999999997,-84.467269999999999,8.073254171
33.78199,-84.381039999999999,7.7991196106
33.689900000000002,-84.488290000000006,9.9200871518
33.779139999999998,-84.411159999999995,8.6329471965
33.760550000000002,-84.353139999999996,9.9643844116
33.773580000000003,-84.404960000000003,8.6329471965
33.752749999999999,-84.371859999999998,8.8173958936
33.729379999999999,-84.445599999999999,9.4491138385
33.770670000000003,-84.380229999999997,8.1749012991
33.734050000000003,-84.391270000000006,8.250917466
33.706069999999997,-84.358670000000004,8.2372588404
33.810630000000003,-84.47569,6.5529280417
33.753590000000003,-84.389859999999999,8.6329471965
33.707140000000003,-84.410820000000001,7.2189806008
33.701050000000002,-84.456559999999996,8.1304998924
33.73357,-84.395240000000001,9.0459802746
33.762149999999998,-84.386750000000006,6.108233813
33.70035,-84.457239999999999,8.664273349
33.719369999999998,-84.426839999999999,9.0459802746
33.745199999999997,-84.404060000000001,6.7224947309
33.809809999999999,-84.366560000000007,8.1304998924
33.793329999999997,-84.395420000000001,7.3858820565
33.698749999999997,-84.482560000000007,6.8418043499
33.740070000000003,-84.407780000000002,7.6583768559
33.753439999999998,-84.442130000000006,7.6583768559
33.807980000000001,-84.367689999999996,8.1266867341
33.775210000000001,-84.454329999999999,6.0273627337
33.785890000000002,-84.389340000000004,6.8418043499
33.852969999999999,-84.38503,8.7093716724
33.776200000000003,-84.472359999999995,9.6243033628
33.770670000000003,-84.380229999999997,9.759877412
33.79121,-84.385400000000004,6.0130055332
33.755040000000001,-84.414569999999998,8.0295742465
33.842930000000003,-84.358249999999998,6.5488168787
33.674239999999998,-84.496970000000005,9.8101334777
33.76952,-84.383219999999994,9.1265177905
33.680770000000003,-84.493700000000004,9.8550737252
33.809910000000002,-84.393609999999995,9.8101334777
33.757770000000001,-84.431460000000001,8.5217080419
33.654269999999997,-84.507379999999998,6.5488168787
33.769199999999998,-84.489360000000005,9.8101334777
33.791089999999997,-84.400880000000001,9.8101334777
33.838590000000003,-84.384079999999997,9.8101334777
33.700139999999998,-84.497540000000001,8.7093716724
33.841169999999998,-84.375569999999996,7.7261399423
33.846919999999997,-84.370180000000005,9.8784452066
33.809399999999997,-84.409310000000005,8.0295742465
33.74277,-84.407560000000004,8.7093716724
33.758040000000001,-84.413730000000001,7.1970208984
33.7791,-84.336510000000004,7.9898943892
33.795789999999997,-84.425749999999994,7.9898943892
33.774000000000001,-84.361490000000003,7.7733350481
33.760199999999998,-84.385540000000006,7.9898943892
33.772219999999997,-84.375590000000003,9.3385173413
33.792310000000001,-84.404859999999999,7.7718772764
33.808790000000002,-84.433769999999996,7.9898943892
33.750860000000003,-84.321330000000003,6.1631771728
33.792310000000001,-84.404859999999999,7.4571602534
33.795479999999998,-84.360420000000005,6.5488168787
33.711680000000001,-84.421170000000004,9.8101334777
33.710099999999997,-84.50394,7.9459715671
33.748519999999999,-84.396360000000001,6.5590751833
33.701549999999997,-84.543419999999998,6.5590751833
33.70825,-84.35915,6.6819409199
33.750799999999998,-84.390090000000001,7.8422905558
33.757330000000003,-84.396349999999998,6.054908548
33.672910000000002,-84.391530000000003,7.6517420455
33.706069999999997,-84.358670000000004,7.314661117
33.739409999999999,-84.506659999999997,6.8388239715
33.774769999999997,-84.406700000000001,9.4996287162
33.773519999999998,-84.366669999999999,9.3135324233
33.755040000000001,-84.414569999999998,6.6974294081
33.725839999999998,-84.394660000000002,6.4232172377
33.755189999999999,-84.332189999999997,6.2361861515
33.794820000000001,-84.420630000000003,8.2101393083
33.759169999999997,-84.464849999999998,9.0274803469
33.789090000000002,-84.425179999999997,9.577898735
33.739780000000003,-84.312529999999995,9.1564917438
33.74821,-84.332949999999997,9.1531995645
33.823630000000001,-84.378749999999997,6.3963812022
33.75273,-84.390299999999996,6.3045305001
33.734650000000002,-84.435659999999999,6.3045305001
33.740969999999997,-84.418090000000007,7.1305870112
33.741619999999998,-84.383920000000003,7.7030556162
33.725389999999997,-84.389740000000003,7.3426729079
33.823999999999998,-84.365210000000005,7.6544161812
33.728349999999999,-84.507900000000006,6.0743726624
33.81738,-84.376440000000002,6.2441293543
33.753279999999997,-84.389480000000006,6.2441293543
33.714820000000003,-84.367360000000005,9.4996287162
33.822150000000001,-84.387600000000006,7.6544161812
33.784269999999999,-84.418350000000004,7.6544161812
33.81353,-84.389430000000004,7.2423163061
33.822040000000001,-84.354050000000001,7.1211746094
33.818640000000002,-84.388649999999998,6.2441293543
33.763460000000002,-84.386709999999994,7.7623170894
33.785330000000002,-84.384500000000003,7.6544161812
33.738970000000002,-84.348979999999997,6.2441293543
33.6569,-84.510040000000004,9.7914614663
33.829259999999998,-84.425979999999996,7.3750915745
33.692309999999999,-84.516210000000001,9.1564917438
33.793329999999997,-84.474159999999998,6.1726080696
33.706980000000001,-84.374499999999998,7.3858820565
33.756149999999998,-84.416020000000003,7.4194645995
33.706150000000001,-84.357209999999995,7.3858820565
33.719299999999997,-84.412559999999999,6.2417031766
33.679920000000003,-84.393479999999997,7.6346122261
33.772849999999998,-84.381489999999999,7.9459715671
33.670810000000003,-84.359880000000004,8.7016828763
33.706870000000002,-84.535809999999998,9.0899797678
33.762279999999997,-84.434479999999994,9.0899797678
33.764499999999998,-84.340149999999994,9.0459802746
33.797420000000002,-84.406710000000004,7.7618212254
33.693069999999999,-84.358050000000006,7.7618212254
33.708469999999998,-84.519940000000005,7.7618212254
33.705509999999997,-84.459779999999995,6.0929707829
33.763370000000002,-84.416880000000006,8.7016828763
33.801600000000001,-84.393360000000001,6.7575118415
33.751980000000003,-84.400450000000006,6.9635887254
33.777859999999997,-84.462090000000003,6.4181569966
33.701189999999997,-84.54607,7.4027514534
33.660049999999998,-84.50994,8.7016828763
33.657769999999999,-84.508769999999998,8.7016828763
33.734079999999999,-84.441100000000006,7.8422905558
33.73657,-84.408240000000006,8.485176846
33.757359999999998,-84.349599999999995,9.0459802746
33.705440000000003,-84.418319999999994,6.7989654314
33.749090000000002,-84.441069999999996,7.3295087441
33.762999999999998,-84.417360000000002,6.4834282393
33.780670000000001,-84.353570000000005,6.7989654314
33.700069999999997,-84.399460000000005,8.5764966785
33.697139999999997,-84.399050000000003,6.7989654314
33.758980000000001,-84.433319999999995,7.3295087441
33.808410000000002,-84.39752,7.1140446744
33.812669999999997,-84.374120000000005,7.3295087441
33.786169999999998,-84.362139999999997,7.3295087441
33.827779999999997,-84.369739999999993,8.3626937312
33.846760000000003,-84.362120000000004,9.0459802746
33.800640000000001,-84.392769999999999,7.4374155581
33.694989999999997,-84.535070000000005,9.4659305624
33.747199999999999,-84.352350000000001,9.9200871518
33.745010000000001,-84.503820000000005,7.6544161812
33.67268,-84.385069999999999,7.7308960315
33.774320000000003,-84.369590000000002,8.3948228318
33.795789999999997,-84.425749999999994,9.1531995645
33.789099999999998,-84.424170000000004,8.0825748365
33.732939999999999,-84.401570000000007,9.1531995645
33.697000000000003,-84.407679999999999,9.5010396508
33.801270000000002,-84.349010000000007,9.5010396508
33.754449999999999,-84.389539999999997,9.5010396508
33.813099999999999,-84.469750000000005,6.7070707507
33.812350000000002,-84.365780000000001,9.0312428369
33.726059999999997,-84.449560000000005,6.2470032545
33.753950000000003,-84.476119999999995,6.2470032545
33.744059999999998,-84.523859999999999,9.1531995645
33.7393,-84.424589999999995,6.4128704383
33.743699999999997,-84.438590000000005,7.7308960315
33.741160000000001,-84.435950000000005,9.1531995645
33.804290000000002,-84.465549999999993,9.0312428369
33.723239999999997,-84.524590000000003,8.3948228318
33.637509999999999,-84.448239999999998,9.0899797678
33.764760000000003,-84.492819999999995,7.546932287
33.729489999999998,-84.431520000000006,7.852964557
33.72296,-84.420450000000002,7.1887900381
33.780720000000002,-84.388409999999993,8.2162533474
33.774769999999997,-84.406700000000001,7.552987498
33.76296,-84.396690000000007,7.5812743264
33.796639999999996,-84.496719999999996,7.546932287
33.754019999999997,-84.425160000000005,6.8353690154
33.759689999999999,-84.386060000000001,6.3630338551
33.725670000000001,-84.410390000000007,7.7686271756
33.742040000000003,-84.503079999999997,9.5010396508
33.641840000000002,-84.447699999999998,6.3630338551
33.663200000000003,-84.524039999999999,9.5745980976
33.649790000000003,-84.35548,8.2162533474
33.763089999999998,-84.351600000000005,7.7909833739
33.750920000000001,-84.42841,7.5948872847
33.813679999999998,-84.427199999999999,7.5948872847
33.760440000000003,-84.387020000000007,9.5010396508
33.774650000000001,-84.375969999999995,6.880937138
33.74906,-84.317149999999998,7.7217675271
33.739719999999998,-84.442369999999997,6.00606114
33.699480000000001,-84.42492,6.00606114
33.772820000000003,-84.414230000000003,6.8547852404
33.669699999999999,-84.494029999999995,9.4641301518
33.780270000000002,-84.378630000000001,6.6413735204
33.809489999999997,-84.401949999999999,6.5547324849
33.740569999999998,-84.416799999999995,6.5547324849
33.66433,-84.37527,6.5547324849
33.68103,-84.406199999999998,8.5250516576
33.7849,-84.405820000000006,6.5547324849
33.82414,-84.361009999999993,9.4460524824
33.713639999999998,-84.460160000000002,8.2306705033
33.710659999999997,-84.418450000000007,7.5209065478
33.793030000000002,-84.399209999999997,6.6456517456
33.76099,-84.392049999999998,7.1388887978
33.762349999999998,-84.388189999999994,7.5209065478
33.715969999999999,-84.458250000000007,6.6456517456
33.783079999999998,-84.458820000000003,8.0523570293
33.748989999999999,-84.392150000000001,7.8317723252
33.755180000000003,-84.421520000000001,7.7359998234
33.7303,-84.389650000000003,8.1871844548
33.75103,-84.33287,6.108233813
33.746850000000002,-84.395359999999997,6.108233813
33.74803,-84.378749999999997,7.7302949723
33.680840000000003,-84.533690000000007,9.9643844116
33.792740000000002,-84.365960000000001,9.9582172489
33.769179999999999,-84.514709999999994,9.0761934506
33.740049999999997,-84.406490000000005,8.2756253696
33.679920000000003,-84.393479999999997,6.1866233364
33.735280000000003,-84.434920000000005,6.6613408476
33.757570000000001,-84.386700000000005,6.6613408476
33.747790000000002,-84.462950000000006,9.9200871518
33.77205,-84.399929999999998,8.1411346675
33.700569999999999,-84.407560000000004,9.5745980976
33.733820000000001,-84.405289999999994,8.8173958936
33.848990000000001,-84.357399999999998,7.7618212254
33.779229999999998,-84.410409999999999,8.1304998924
33.75168,-84.381979999999999,7.9142574643
33.780000000000001,-84.382720000000006,6.5547324849
33.755809999999997,-84.437619999999995,6.7224947309
33.782829999999997,-84.368629999999996,7.5983995297
33.837429999999998,-84.370059999999995,6.8217020276
33.751739999999998,-84.398179999999996,7.3384713853
33.772959999999998,-84.365039999999993,7.6940723693
33.681159999999998,-84.405900000000003,8.1304998924
33.753689999999999,-84.390429999999995,7.9978909257
33.849249999999998,-84.353020000000001,8.6329471965
33.771369999999997,-84.424059999999997,8.0523570293
33.687899999999999,-84.355720000000005,8.2056093005
33.779209999999999,-84.410349999999994,7.4214281157
33.79372,-84.379189999999994,6.9674462118
33.770200000000003,-84.387540000000001,7.7190554375
33.73798,-84.453069999999997,6.9674462118
33.766159999999999,-84.369600000000005,8.7093716724
33.855530000000002,-84.381,7.7261399423
33.736190000000001,-84.495090000000005,9.8881371952
33.68974,-84.509060000000005,9.8101334777
33.682740000000003,-84.409019999999998,8.5530556136
33.684660000000001,-84.37491,9.8101334777
33.72683,-84.357039999999998,7.6873450352
33.796810000000001,-84.433300000000003,8.0295742465
33.803519999999999,-84.414550000000006,7.5152635095
33.810839999999999,-84.47645,7.5152635095
33.847119999999997,-84.373850000000004,9.2491421506
33.728279999999998,-84.365830000000003,6.5488168787
33.680779999999999,-84.402339999999995,6.8492982972
33.695790000000002,-84.50215,8.1345443019
33.765949999999997,-84.335560000000001,7.3441263294
33.745100000000001,-84.508579999999995,9.759877412
33.74541,-84.503010000000003,7.5152635095
33.805950000000003,-84.464160000000007,9.8101334777
33.77028,-84.365570000000005,7.8591648981
33.741729999999997,-84.347489999999993,9.7123319775
33.744549999999997,-84.311840000000004,9.6412853321
33.751440000000002,-84.378060000000005,9.8101334777
33.73245,-84.418400000000005,9.8101334777
33.70073,-84.457350000000005,7.1353522085
33.749809999999997,-84.392349999999993,8.0351411556
33.77402,-84.499399999999994,7.9898943892
33.768219999999999,-84.382800000000003,8.0295742465
33.746830000000003,-84.52843,7.9898943892
33.709879999999998,-84.443610000000007,7.0802776822
33.827419999999996,-84.365319999999997,7.9898943892
33.771030000000003,-84.36618,8.1107345959
33.760199999999998,-84.385540000000006,9.8109050825
33.746369999999999,-84.424449999999993,8.1266867341
33.687980000000003,-84.355469999999997,8.1266867341
33.779139999999998,-84.411159999999995,7.8587116875
33.739780000000003,-84.312529999999995,7.8422905558
33.768140000000002,-84.444640000000007,7.8422905558
33.755690000000001,-84.405280000000005,6.5590751833
33.733029999999999,-84.489729999999994,7.8422905558
33.754289999999997,-84.389250000000004,7.3750915745
33.758890000000001,-84.385959999999997,7.0930370424
33.696420000000003,-84.482010000000002,7.8422905558
33.765070000000001,-84.404200000000003,6.0586907992
33.72287,-84.392799999999994,8.4004665618
33.664000000000001,-84.391649999999998,8.6539726782
33.704389999999997,-84.463399999999993,8.2101393083
33.820650000000001,-84.452740000000006,6.2361861515
33.70693,-84.416640000000001,9.9200871518
33.758319999999998,-84.389049999999997,9.4996287162
33.725009999999997,-84.400549999999996,7.2031635313
33.802210000000002,-84.376840000000001,8.2101393083
33.784080000000003,-84.379819999999995,7.4374155581
33.820279999999997,-84.451880000000003,6.4084917974
33.875959999999999,-84.391769999999994,7.7623170894
33.710760000000001,-84.443799999999996,7.4374155581
33.672170000000001,-84.368589999999998,7.1211746094
33.772030000000001,-84.450720000000004,7.6544161812
33.758890000000001,-84.385959999999997,7.6544161812
33.780140000000003,-84.387469999999993,6.2441293543
33.742060000000002,-84.387680000000003,7.7637367168
33.846350000000001,-84.368399999999994,7.1211746094
33.825580000000002,-84.362110000000001,8.2101393083
33.689839999999997,-84.486750000000001,6.5671129071
33.736600000000003,-84.425190000000001,6.9942156687
33.762720000000002,-84.37406,6.1205898438
33.739280000000001,-84.430179999999993,7.4027514534
33.745690000000003,-84.417860000000005,6.1245384023
33.725999999999999,-84.322040000000001,8.920667852
33.706699999999998,-84.36412,9.1229182129
33.750419999999998,-84.330119999999994,9.0545246607
33.762459999999997,-84.383859999999999,8.6615719768
33.701369999999997,-84.426779999999994,8.9343943721
33.690159999999999,-84.369709999999998,8.5542411142
33.752749999999999,-84.371859999999998,7.9459715671
33.74447,-84.386039999999994,7.1348606595
33.813409999999998,-84.362830000000002,9.0899797678
33.801349999999999,-84.430959999999999,9.0459802746
33.795839999999998,-84.415319999999994,9.4996287162
33.752850000000002,-84.530730000000005,7.537203132
33.740569999999998,-84.417379999999994,9.0459802746
33.724800000000002,-84.525729999999996,6.413326318
33.746989999999997,-84.349580000000003,6.7516084994
33.701059999999998,-84.456980000000001,7.4347119761
33.786499999999997,-84.393659999999997,7.1071133563
33.758519999999997,-84.388319999999993,6.7516084994
33.761699999999998,-84.387439999999998,7.7618212254
33.66122,-84.513850000000005,7.4488890254
33.751609999999999,-84.391120000000001,7.3295087441
33.797020000000003,-84.388159999999999,6.5116599262
33.69012,-84.499930000000006,7.3295087441
33.74147,-84.348039999999997,9.7123319775
33.763800000000003,-84.403490000000005,7.4194933721
33.840400000000002,-84.382239999999996,6.4128704383
33.672910000000002,-84.391530000000003,7.4097737582
33.811250000000001,-84.475939999999994,9.4005100872
33.669699999999999,-84.494029999999995,9.0312428369
33.71564,-84.392560000000003,7.7250296388
33.734850000000002,-84.334710000000001,9.5010396508
33.690429999999999,-84.509829999999994,6.2470032545
33.774000000000001,-84.36206,6.2470032545
33.756889999999999,-84.391120000000001,9.5010396508
33.659460000000003,-84.516270000000006,7.7618212254
33.708269999999999,-84.398300000000006,9.5010396508
33.786520000000003,-84.490129999999994,6.4105260503
33.797890000000002,-84.371009999999998,7.7622297918
33.768790000000003,-84.384889999999999,6.2470032545
33.818640000000002,-84.388649999999998,6.8353690154
33.762149999999998,-84.386750000000006,6.3630338551
33.791759999999996,-84.387870000000007,6.3630338551
33.7363,-84.500290000000007,7.3295087441
33.68347,-84.393690000000007,7.7686271756
33.822960000000002,-84.363460000000003,8.5764966785
33.648829999999997,-84.365840000000006,6.3630338551
33.84592,-84.372339999999994,7.546932287
33.740670000000001,-84.435209999999998,9.5010396508
33.718699999999998,-84.440820000000002,8.2162533474
33.717329999999997,-84.371480000000005,6.9090918936
33.693620000000003,-84.395719999999997,7.6544161812
33.793509999999998,-84.372619999999998,8.2306705033
33.795789999999997,-84.425749999999994,9.8545593219
33.78586,-84.394199999999998,9.6257179714
33.755040000000001,-84.414569999999998,7.519893124
33.782690000000002,-84.408779999999993,8.0335608624
33.742530000000002,-84.498679999999993,6.5547324849
33.760080000000002,-84.391059999999996,9.8101334777
33.738129999999998,-84.447040000000001,6.7253950555
33.776020000000003,-84.363799999999998,9.8109050825
33.756979999999999,-84.404619999999994,7.7217675271
33.745179999999998,-84.423190000000005,7.5699317865
33.762039999999999,-84.430660000000003,7.8317723252
33.685929999999999,-84.496849999999995,8.1723414136
33.772370000000002,-84.417839999999998,8.1607817817
33.75356,-84.402929999999998,7.8364395273
33.67051,-84.502989999999997,8.0523570293
33.766840000000002,-84.482619999999997,8.0523570293
33.796399999999998,-84.345950000000002,6.5547324849
33.735329999999998,-84.401009999999999,6.9635887254
33.77205,-84.399929999999998,7.8317723252
33.780000000000001,-84.382720000000006,7.7217675271
33.764380000000003,-84.475909999999999,7.8317723252
33.664630000000002,-84.383020000000002,9.8545593219
33.742559999999997,-84.434709999999995,8.0657646042
33.854080000000003,-84.381960000000007,6.0922244717
33.78378,-84.457239999999999,6.5488168787
33.659260000000003,-84.517380000000003,8.0523570293
33.763440000000003,-84.412610000000001,7.7909833739
33.791620000000002,-84.3874,9.0459802746
33.70082,-84.381320000000002,9.5010396508
33.778709999999997,-84.480840000000001,9.8109050825
33.767069999999997,-84.514610000000005,9.4641301518
33.818060000000003,-84.350819999999999,7.0476679062
33.753219999999999,-84.398210000000006,6.5780113868
33.800579999999997,-84.425610000000006,9.7185437133
33.806730000000002,-84.413160000000005,9.9110121981
33.747540000000001,-84.291529999999995,9.2092554136
33.770009999999999,-84.457830000000001,6.9302441609
33.760710000000003,-84.394689999999997,9.997769396
33.673020000000001,-84.399600000000007,6.961608177
33.686770000000003,-84.497730000000004,6.6613408476
33.74053,-84.416709999999995,8.5250516576
33.681330000000003,-84.413629999999998,6.0286262317
33.821440000000003,-84.445629999999994,9.8213211087
33.694240000000001,-84.489009999999993,6.6613408476
33.741840000000003,-84.426919999999996,8.5250516576
33.713470000000001,-84.390789999999996,7.8335206879
33.811250000000001,-84.475939999999994,8.1259099168
33.6982,-84.498589999999993,6.3012454781
33.747410000000002,-84.389279999999999,7.8335206879
33.67127,-84.392989999999998,6.7224947309
33.743659999999998,-84.354100000000003,6.7224947309
33.730510000000002,-84.330449999999999,7.9112145997
33.741729999999997,-84.347489999999993,8.1304998924
33.754370000000002,-84.383390000000006,6.7224947309
33.72822,-84.386859999999999,6.3012454781
33.725969999999997,-84.48836,7.0476679062
33.729120000000002,-84.412580000000005,7.6544161812
33.842790000000001,-84.359849999999994,9.8101334777
33.75168,-84.381979999999999,6.8418043499
33.769010000000002,-84.374440000000007,9.2253420175
33.7562,-84.420190000000005,9.4659305624
33.752839999999999,-84.492559999999997,7.7261399423
33.753740000000001,-84.29777,9.4659305624
33.788269999999997,-84.349549999999994,9.8101334777
33.689480000000003,-84.48818,8.8242544441
33.823999999999998,-84.365210000000005,6.5488168787
33.77272,-84.371660000000006,8.1974813858
33.708320000000001,-84.378380000000007,7.0097948229
33.71631,-84.437899999999999,9.5230591676
33.752519999999997,-84.518299999999996,9.4659305624
33.793559999999999,-84.386089999999996,8.5217080419
33.751190000000001,-84.389960000000002,9.3385173413
33.81897,-84.447490000000002,9.8101334777
33.780169999999998,-84.36148,7.5152635095
33.819870000000002,-84.365679999999998,6.1631771728
33.696869999999997,-84.519279999999995,7.9018389595
33.722859999999997,-84.425389999999993,7.9898943892
33.724170000000001,-84.394720000000007,6.6456517456
33.688450000000003,-84.493279999999999,7.7718772764
33.724800000000002,-84.417850000000001,7.9898943892
33.804609999999997,-84.364310000000003,8.7093716724
33.768459999999997,-84.378129999999999,9.5745980976
33.733879999999999,-84.428120000000007,6.4621205067
33.808810000000001,-84.395099999999999,7.1383281566
33.856409999999997,-84.38288,6.1368640146
33.715490000000003,-84.391970000000001,6.8629197101
33.724800000000002,-84.417850000000001,9.0274803469
33.732970000000002,-84.398290000000003,6.2361861515
33.76887,-84.458789999999993,8.2101393083
33.740220000000001,-84.510319999999993,9.0274803469
33.695390000000003,-84.535079999999994,9.4996287162
33.871209999999998,-84.379310000000004,8.2101393083
33.763159999999999,-84.389110000000002,9.5451016893
33.776960000000003,-84.386970000000005,8.8425676174
33.742330000000003,-84.350759999999994,8.2101393083
33.740049999999997,-84.406490000000005,7.4716011101
33.770569999999999,-84.465320000000006,7.7373404756
33.821429999999999,-84.445949999999996,7.6544161812
33.686610000000002,-84.537989999999994,9.8109050825
33.858280000000001,-84.438500000000005,7.6544161812
33.748950000000001,-84.361149999999995,7.1211746094
33.781149999999997,-84.41234,7.7623170894
33.770440000000001,-84.456029999999998,6.2361861515
33.752029999999998,-84.401579999999996,7.7637367168
33.690010000000001,-84.351650000000006,7.8422905558
33.81559,-84.391289999999998,9.5010396508
33.758159999999997,-84.460970000000003,9.4996287162
33.751939999999998,-84.38964,7.4305973876
33.758629999999997,-84.505570000000006,7.4027514534
33.703690000000002,-84.40795,6.8948754643
33.75318,-84.500829999999993,6.9635887254
33.794589999999999,-84.399690000000007,7.7618212254
33.740600000000001,-84.350300000000004,8.7016828763
33.770980000000002,-84.451070000000001,7.7618212254
33.784329999999997,-84.471459999999993,7.2051264666
33.720999999999997,-84.455179999999999,6.7989654314
33.744070000000001,-84.383409999999998,6.2470032545
33.848860000000002,-84.365170000000006,7.3250572171
33.753740000000001,-84.399839999999998,6.8885124944
33.735950000000003,-84.39622,7.2423163061
33.785469999999997,-84.445930000000004,6.1257333762
33.793030000000002,-84.399209999999997,7.6231977386
33.794449999999998,-84.378479999999996,7.3295087441
33.77073,-84.364500000000007,8.812877809
33.792839999999998,-84.362160000000003,9.5441610661
33.750889999999998,-84.402640000000005,8.3948228318
33.733229999999999,-84.385490000000004,8.4891721578
33.685459999999999,-84.413070000000005,8.2162533474
33.641840000000002,-84.447699999999998,7.2116291094
33.764659999999999,-84.440650000000005,7.4097737582
33.825940000000003,-84.389790000000005,7.546932287
33.733989999999999,-84.405140000000003,7.4097737582
33.741729999999997,-84.402829999999994,7.546932287
33.759549999999997,-84.338319999999996,7.7686271756
33.754089999999998,-84.390540000000001,7.8767742148
33.802970000000002,-84.372739999999993,9.5010396508
33.763779999999997,-84.425650000000005,6.2368035814
33.759889999999999,-84.451149999999998,6.4452722656
33.754779999999997,-84.435950000000005,6.9090918936
33.802239999999998,-84.421610000000001,8.8815585183
33.784219999999998,-84.411839999999998,9.2469130713
33.753950000000003,-84.476119999999995,9.8545593219
33.783119999999997,-84.475729999999999,9.8545593219
33.75564,-84.382549999999995,8.0335608624
33.766440000000003,-84.395520000000005,6.1791666684
33.826720000000002,-84.379090000000005,6.4654231948
33.693359999999998,-84.373559999999998,9.0195254939
33.787419999999997,-84.383330000000001,6.5547324849
33.72663,-84.40025,8.5250516576
33.750520000000002,-84.393060000000006,9.4460524824
33.709389999999999,-84.449640000000002,7.8317723252
33.75244,-84.393460000000005,6.9675223173
33.808129999999998,-84.396590000000003,8.0523570293
33.709940000000003,-84.448329999999999,8.0523570293
33.818280000000001,-84.366960000000006,7.8317723252
33.739310000000003,-84.297550000000001,8.1304998924
33.70599,-84.359629999999996,7.6360754813
33.665599999999998,-84.384789999999995,6.9674462118
33.73048,-84.387420000000006,7.1058132877
33.754950000000001,-84.428259999999995,7.7986276272
33.76764,-84.385239999999996,6.5888976137
33.853940000000001,-84.378119999999996,7.0476679062
33.764299999999999,-84.373230000000007,6.0017004665
33.757399999999997,-84.384749999999997,8.9062192211
33.809080000000002,-84.472350000000006,6.1190988463
33.799320000000002,-84.349270000000004,8.3089347227
33.734389999999998,-84.437070000000006,6.1866233364
33.806480000000001,-84.394319999999993,6.961608177
33.823999999999998,-84.365210000000005,6.6613408476
33.657170000000001,-84.390950000000004,7.4901857072
33.75112,-84.355360000000005,9.9200871518
33.760739999999998,-84.361930000000001,9.9200871518
33.743519999999997,-84.505369999999999,9.9643844116
33.809370000000001,-84.465599999999995,9.9200871518
33.681600000000003,-84.402150000000006,7.2189806008
33.818730000000002,-84.351420000000005,7.9112145997
33.752040000000001,-84.363550000000004,8.1749012991
33.738709999999998,-84.354650000000007,8.2392495417
33.765160000000002,-84.3964,8.2372588404
33.760199999999998,-84.385540000000006,8.1304998924
33.847299999999997,-84.383150000000001,7.3384713853
33.730139999999999,-84.385739999999998,8.2372588404
33.773130000000002,-84.372470000000007,6.7224947309
33.700519999999997,-84.406210000000002,8.8173958936
33.660409999999999,-84.391940000000005,6.7224947309
33.733069999999998,-84.43244,7.3295087441
33.776919999999997,-84.350999999999999,9.9200871518
33.781289999999998,-84.380350000000007,9.7345784691
33.80312,-84.4011,9.9643844116
33.794820000000001,-84.506150000000005,7.2466709864
33.708500000000001,-84.384230000000002,6.9674462118
33.661119999999997,-84.513440000000003,6.3164502865
33.755040000000001,-84.414569999999998,6.0736712455
33.655709999999999,-84.509079999999997,9.7123319775
33.818919999999999,-84.407929999999993,9.3385173413
33.71461,-84.370260000000002,7.5152635095
33.730699999999999,-84.446089999999998,8.965275604
33.853020000000001,-84.362780000000001,9.0984446788
33.701369999999997,-84.426779999999994,7.7261399423
33.731349999999999,-84.534739999999999,9.2011745766
33.750169999999997,-84.395150000000001,7.5152635095
33.693069999999999,-84.358050000000006,7.5549676367
33.726019999999998,-84.331569999999999,7.8542579778
33.752699999999997,-84.429130000000001,7.7718772764
33.849580000000003,-84.42962,6.0591613749
33.711709999999997,-84.41995,9.8101334777
33.87547,-84.372330000000005,6.5806218938
33.797240000000002,-84.406679999999994,8.0989610045
33.742060000000002,-84.504480000000001,6.1631771728
33.791530000000002,-84.389930000000007,7.6784894666
33.660800000000002,-84.515780000000007,8.1266867341
33.771459999999998,-84.431870000000004,7.9898943892
33.824120000000001,-84.407560000000004,7.4571602534
33.825539999999997,-84.387339999999995,9.4659305624
33.743290000000002,-84.421559999999999,9.8101334777
33.758049999999997,-84.414079999999998,7.8250706772
33.70693,-84.377849999999995,6.9628070152
33.749519999999997,-84.40352,6.7111146205
33.637509999999999,-84.448239999999998,6.5590751833
33.818010000000001,-84.35136,6.4232172377
33.830950000000001,-84.356200000000001,9.4620284261
33.779649999999997,-84.483059999999995,9.5451016893
33.784280000000003,-84.467200000000005,9.564084736
33.708970000000001,-84.381370000000004,7.4177690295
33.755459999999999,-84.336439999999996,9.4996287162
33.853070000000002,-84.364040000000003,9.1564917438
33.757570000000001,-84.394869999999997,9.5761250575
33.789990000000003,-84.471559999999997,6.2361861515
33.803379999999997,-84.467939999999999,8.1266867341
33.820900000000002,-84.449579999999997,6.6819409199
33.74297,-84.505449999999996,6.2361861515
33.761850000000003,-84.406279999999995,6.7463250155
33.682400000000001,-84.410290000000003,7.772334444
33.749560000000002,-84.495949999999993,6.2441293543
33.747489999999999,-84.404139999999998,6.3045305001
33.766649999999998,-84.371809999999996,7.6544161812
33.850830000000002,-84.380880000000005,9.8109050825
33.755459999999999,-84.38185,7.1211746094
33.758960000000002,-84.390029999999996,9.4996287162
33.798229999999997,-84.383510000000001,8.1266867341
33.693890000000003,-84.489729999999994,6.1205898438
33.689900000000002,-84.505840000000006,6.9362542085
33.764400000000002,-84.390829999999994,6.7989364872
33.641840000000002,-84.447699999999998,7.4027514534
33.757669999999997,-84.392660000000006,8.7016828763
33.763260000000002,-84.396889999999999,8.5085766254
33.751939999999998,-84.38964,7.0322219912
33.81765,-84.463200000000001,6.7575118415
33.786290000000001,-84.40164,7.4027514534
33.769689999999997,-84.462829999999997,6.9635887254
33.667679999999997,-84.363399999999999,6.413326318
33.736919999999998,-84.401520000000005,7.4137291607
33.806460000000001,-84.366650000000007,9.109548218
33.800449999999998,-84.412310000000005,6.9577114342
33.766539999999999,-84.394329999999997,8.7016828763
33.81906,-84.351299999999995,7.4347119761
33.740020000000001,-84.438289999999995,8.0523570293
33.715060000000001,-84.433220000000006,7.9898943892
33.74297,-84.406279999999995,6.6382284396
33.652410000000003,-84.396259999999998,7.7909833739
33.700870000000002,-84.465739999999997,8.0633897794
33.751429999999999,-84.435869999999994,7.438306141
33.862969999999997,-84.441739999999996,7.6068673532
33.753869999999999,-84.392610000000005,7.2590030847
33.752960000000002,-84.374070000000003,7.7308960315
33.709339999999997,-84.397760000000005,9.4809212073
33.76764,-84.385239999999996,7.2116291094
33.848840000000003,-84.364750000000001,9.2836851671
33.822760000000002,-84.440700000000007,9.5010396508
33.750300000000003,-84.521860000000004,7.2116291094
33.810299999999998,-84.370249999999999,9.3161191361
33.702190000000002,-84.49606,6.222568921
33.787999999999997,-84.386369999999999,7.0329967717
33.723410000000001,-84.350920000000002,7.874181044
33.750059999999998,-84.359009999999998,7.874181044
33.767560000000003,-84.404309999999995,7.874181044
33.756889999999999,-84.391120000000001,7.552987498
33.78275,-84.403909999999996,7.4027514534
33.639699999999998,-84.443979999999996,9.5451016893
33.767890000000001,-84.391620000000003,7.6983284339
33.767919999999997,-84.477500000000006,8.0657646042
33.772089999999999,-84.477990000000005,7.912413533
33.666460000000001,-84.365979999999993,6.9090918936
33.640720000000002,-84.44435,7.5948872847
33.701659999999997,-84.464119999999994,9.4641301518
33.708930000000002,-84.398700000000005,9.8545593219
33.757199999999997,-84.384519999999995,9.8109050825
33.781210000000002,-84.475049999999996,7.2137588533
33.823999999999998,-84.365210000000005,9.3405749531
33.750729999999997,-84.425169999999994,9.4641301518
33.813949999999998,-84.431070000000005,9.8109050825
33.854709999999997,-84.358599999999996,8.5250516576
33.797710000000002,-84.481700000000004,8.5250516576
33.73115,-84.407809999999998,7.7217675271
33.725009999999997,-84.428240000000002,8.7062852571
33.767359999999996,-84.369619999999998,6.7224947309
33.721469999999997,-84.38306,7.1388887978
33.700870000000002,-84.465739999999997,8.1584662128
33.683480000000003,-84.406239999999997,9.8109050825
33.73668,-84.500140000000002,8.0523570293
33.761870000000002,-84.375950000000003,8.1584662128
33.762729999999998,-84.389120000000005,8.1006978875
33.761980000000001,-84.358459999999994,9.5010396508
33.750410000000002,-84.448670000000007,7.4177690295
33.792659999999998,-84.407269999999997,8.5250516576
33.75177,-84.485699999999994,7.1658647204
33.711799999999997,-84.386840000000007,7.5948872847
33.799880000000002,-84.470230000000001,7.7784766659
33.716819999999998,-84.532520000000005,7.0476679062
33.73583,-84.396090000000001,8.1871844548
33.769939999999998,-84.455119999999994,7.6615039142
33.82403,-84.363280000000003,6.8377905731
33.786499999999997,-84.393659999999997,8.8173958936
33.688699999999997,-84.369240000000005,9.4491138385
33.820050000000002,-84.454329999999999,9.9990085442
33.706209999999999,-84.398759999999996,9.8080048406
33.819499999999998,-84.351990000000001,7.3208178007
33.80097,-84.432000000000002,7.9365667423
33.819090000000003,-84.461789999999993,6.0098396123
33.757359999999998,-84.427949999999996,6.6613408476
33.672730000000001,-84.39067,8.2056093005
33.846760000000003,-84.362120000000004,7.1219976511
33.76437,-84.475409999999997,8.6329471965
33.74165,-84.312309999999997,9.9990085442
33.655189999999997,-84.355249999999998,7.9112145997
33.68327,-84.406620000000004,8.1304998924
33.774769999999997,-84.406700000000001,7.8195175088
33.76426,-84.48057,8.1304998924
33.752229999999997,-84.468890000000002,8.1304998924
33.739800000000002,-84.417509999999993,6.4837952364
33.782510000000002,-84.414360000000002,6.7224947309
33.6721,-84.373450000000005,6.7224947309
33.682940000000002,-84.394170000000003,7.195433061
33.695419999999999,-84.392080000000007,9.1531995645
33.810890000000001,-84.433710000000005,8.2392495417
33.688839999999999,-84.501710000000003,9.5010396508
33.6419,-84.447950000000006,8.6329471965
33.75262,-84.454679999999996,7.0476679062
33.694980000000001,-84.351950000000002,9.4996287162
33.64217,-84.447000000000003,7.0476679062
33.74277,-84.407560000000004,6.7119743152
33.726759999999999,-84.402199999999993,6.0273627337
33.724580000000003,-84.398589999999999,6.0273627337
33.776200000000003,-84.383189999999999,7.6583768559
33.641840000000002,-84.447699999999998,7.6583768559
33.851120000000002,-84.386499999999998,6.4445219036
33.779209999999999,-84.410349999999994,9.4659305624
33.785499999999999,-84.39273,9.8345307059
33.656359999999999,-84.510729999999995,9.8894835103
33.759909999999998,-84.368510000000001,9.5010396508
33.725999999999999,-84.492069999999998,8.7093716724
33.77458,-84.363680000000002,6.5488168787
33.73124,-84.449060000000003,9.3385173413
33.657229999999998,-84.355199999999996,7.5766084003
33.779240000000001,-84.410200000000003,7.9898943892
33.721820000000001,-84.459869999999995,6.0591613749
33.866500000000002,-84.371970000000005,6.5806218938
33.698689999999999,-84.482650000000007,6.7310534639
33.727229999999999,-84.363500000000002,7.9898943892
33.712449999999997,-84.456860000000006,8.5217080419
33.750149999999998,-84.438500000000005,7.9898943892
33.673389999999998,-84.371440000000007,7.7261399423
33.696199999999997,-84.486810000000006,7.4341044789
33.726039999999998,-84.531220000000005,7.8587116875
33.785240000000002,-84.426670000000001,8.1731706988
33.742139999999999,-84.509230000000002,7.8422905558
33.754939999999998,-84.420540000000003,7.0748267511
33.669699999999999,-84.494029999999995,8.9398811801
33.725810000000003,-84.385890000000003,9.1564917438
33.744570000000003,-84.294629999999998,9.5451016893
33.695880000000002,-84.379239999999996,9.5451016893
33.754089999999998,-84.368629999999996,9.5451016893
33.779789999999998,-84.358029999999999,8.5128629019
33.814109999999999,-84.391440000000003,8.2101393083
33.688639999999999,-84.540379999999999,8.2101393083
33.756740000000001,-84.346190000000007,7.2719870378
33.742429999999999,-84.358800000000002,7.8189049951
33.747199999999999,-84.429429999999996,7.2031635313
33.84592,-84.372339999999994,9.0274803469
33.702779999999997,-84.410169999999994,8.2101393083
33.827820000000003,-84.362449999999995,8.2162533474
33.70496,-84.491069999999993,7.0102158953
33.853729999999999,-84.357770000000002,7.6167084885
33.697299999999998,-84.491420000000005,7.4374155581
33.751829999999998,-84.466229999999996,6.2441293543
33.753689999999999,-84.390429999999995,6.7176378183
33.84496,-84.36936,7.4374155581
33.739910000000002,-84.359170000000006,7.7308960315
33.749890000000001,-84.428970000000007,7.7686271756
33.848619999999997,-84.428690000000003,7.3750915745
33.793030000000002,-84.399209999999997,6.2998504641
33.673389999999998,-84.371440000000007,6.9362542085
33.749220000000001,-84.430019999999999,9.1163789364
33.807920000000003,-84.40419,9.0838622288
33.777740000000001,-84.456370000000007,7.6023207293
33.768380000000001,-84.373440000000002,6.2417031766
33.751849999999997,-84.316469999999995,9.0459802746
33.755459999999999,-84.336439999999996,7.9459715671
33.759740000000001,-84.422749999999994,7.3436853514
33.751829999999998,-84.466229999999996,7.4347119761
33.782789999999999,-84.457859999999997,7.3295087441
33.76005,-84.433300000000003,6.7989654314
33.79421,-84.38758,7.6544161812
33.823999999999998,-84.365210000000005,7.9898943892
33.669699999999999,-84.494029999999995,8.3948228318
33.736690000000003,-84.428039999999996,9.5441610661
33.70599,-84.426599999999993,9.1531995645
33.706780000000002,-84.380309999999994,8.6313724021
33.6569,-84.510040000000004,8.7917767237
33.762819999999998,-84.337540000000004,8.7917767237
33.782020000000003,-84.380219999999994,6.5468776944
33.762079999999997,-84.507599999999996,9.0312428369
33.773400000000002,-84.354669999999999,6.8721691316
33.710259999999998,-84.423659999999998,8.2162533474
33.702509999999997,-84.421189999999996,8.681275339
33.764850000000003,-84.332999999999998,6.2470032545
33.67286,-84.387060000000005,8.5181930923
33.77319,-84.473820000000003,6.2470032545
33.791089999999997,-84.400880000000001,7.3250572171
33.706949999999999,-84.374139999999997,9.5010396508
33.733710000000002,-84.460070000000002,7.874181044
33.73171,-84.401910000000001,7.8882413004
33.810899999999997,-84.425899999999999,6.2470032545
33.706980000000001,-84.374499999999998,7.546932287
33.696120000000001,-84.397480000000002,6.8534943367
33.716009999999997,-84.382649999999998,7.4027514534
33.70373,-84.381079999999997,6.3630338551
33.866100000000003,-84.452389999999994,8.0467057317
33.778030000000001,-84.381590000000003,9.5010396508
33.811149999999998,-84.392889999999994,6.9090918936
33.762250000000002,-84.395830000000004,7.5948872847
33.762390000000003,-84.476699999999994,6.9090918936
33.777500000000003,-84.352900000000005,6.9090918936
33.680129999999998,-84.377570000000006,8.1085663198
33.800519999999999,-84.373069999999998,6.4384348325
33.681159999999998,-84.405900000000003,6.7253950555
33.774430000000002,-84.359020000000001,7.5152635095
33.767800000000001,-84.38297,7.5496436824
33.765070000000001,-84.404200000000003,9.0984446788
33.835279999999997,-84.356769999999997,9.8101334777
33.852589999999999,-84.427809999999994,6.1791666684
33.752760000000002,-84.489940000000004,6.9090918936
33.835799999999999,-84.383390000000006,8.7062852571
33.677419999999998,-84.384479999999996,9.8109050825
33.812669999999997,-84.374120000000005,7.4027514534
33.762819999999998,-84.435320000000004,8.5250516576
33.836649999999999,-84.368380000000002,6.0916917374
33.717019999999998,-84.411630000000002,7.519893124
33.77469,-84.365610000000004,8.1723414136
33.778359999999999,-84.390069999999994,7.1388887978
33.776209999999999,-84.370609999999999,7.1388887978
33.760199999999998,-84.385540000000006,7.6360754813
33.639699999999998,-84.443979999999996,6.6819409199
33.752980000000001,-84.313739999999996,8.0523570293
33.777560000000001,-84.384169999999997,6.2470032545
33.834710000000001,-84.425089999999997,8.9952182874
33.709650000000003,-84.379620000000003,6.108233813
33.813360000000003,-84.424539999999993,7.0476679062
33.772849999999998,-84.381489999999999,6.2440984962
33.770670000000003,-84.380229999999997,9.8213211087
33.753520000000002,-84.495360000000005,9.9841513401
33.789189999999998,-84.349549999999994,9.0761934506
33.783160000000002,-84.38673,9.1531995645
33.755850000000002,-84.39367,6.039242612
33.765700000000002,-84.4114,8.0523570293
33.72025,-84.492540000000005,8.2056093005
33.758760000000002,-84.389420000000001,9.9997521246
33.717579999999998,-84.375990000000002,8.8173958936
33.796250000000001,-84.369460000000004,8.6014034869
33.771320000000003,-84.35333,8.1749012991
33.660049999999998,-84.50994,8.1193655667
33.784260000000003,-84.453149999999994,8.2519889185
33.71884,-84.413129999999995,7.9978909257
33.721640000000001,-84.393749999999997,7.0135391408
33.681379999999997,-84.410550000000001,7.5983995297
33.758040000000001,-84.413790000000006,7.9112145997
33.868229999999997,-84.36927,8.6329471965
33.822690000000001,-84.371139999999997,6.7224947309
33.75027,-84.422870000000003,9.8109050825
33.808320000000002,-84.363510000000005,7.3295087441
33.838720000000002,-84.377660000000006,9.9643844116
33.637509999999999,-84.448239999999998,6.108233813
33.67109,-84.367919999999998,8.1304998924
33.773690000000002,-84.389179999999996,6.6789245519
33.71631,-84.438550000000006,7.6583768559
33.8371,-84.375879999999995,8.00504705
33.75638,-84.497649999999993,7.3150091808
33.79757,-84.407730000000001,9.8550737252
33.698700000000002,-84.424800000000005,6.057497817
33.770670000000003,-84.380229999999997,7.3441263294
33.74803,-84.378749999999997,7.7261399423
33.687640000000002,-84.537450000000007,8.5217080419
33.784469999999999,-84.4071,6.5488168787
33.809780000000003,-84.41695,7.5152635095
33.71472,-84.431089999999998,6.0130055332
33.809780000000003,-84.41695,7.7261399423
33.823459999999997,-84.371229999999997,8.5217080419
33.770899999999997,-84.454920000000001,7.4811117161
33.688699999999997,-84.407439999999994,7.2762169026
33.758279999999999,-84.463250000000002,7.1970208984
33.718020000000003,-84.436250000000001,7.9898943892
33.807009999999998,-84.414439999999999,7.9898943892
33.734540000000003,-84.510589999999993,7.9898943892
33.723039999999997,-84.46669,9.5010396508
33.764229999999998,-84.375010000000003,7.3750915745
33.7742,-84.358239999999995,6.6819409199
33.695740000000001,-84.360919999999993,7.8422905558
33.79739,-84.476550000000003,6.2361861515
33.674889999999998,-84.403670000000005,7.4177690295
33.727260000000001,-84.386899999999997,6.2361861515
33.736240000000002,-84.388999999999996,9.4996287162
33.846760000000003,-84.362120000000004,8.2101393083
33.75723,-84.418899999999994,7.2423163061
33.6569,-84.510040000000004,6.0743726624
33.708359999999999,-84.359800000000007,6.6819409199
33.72578,-84.501050000000006,6.2441293543
33.77149,-84.357659999999996,7.6544161812
33.792670000000001,-84.385580000000004,6.7463250155
33.690750000000001,-84.353489999999994,7.6544161812
33.819090000000003,-84.461789999999993,9.0772566682
33.751939999999998,-84.38964,6.2531112161
33.70702,-84.488240000000005,9.0899797678
33.716729999999998,-84.378540000000001,7.7618212254
33.754640000000002,-84.374650000000003,7.1071133563
33.729649999999999,-84.363079999999997,7.9898943892
33.708919999999999,-84.396950000000004,7.3250572171
33.706980000000001,-84.374499999999998,7.2590030847
33.78463,-84.45429,7.2590030847
33.753779999999999,-84.488150000000005,7.4097737582
33.769590000000001,-84.344949999999997,9.579177074
33.819090000000003,-84.461789999999993,9.5781338908
33.753639999999997,-84.348950000000002,9.1531995645
33.79956,-84.349239999999995,6.2470032545
33.756729999999997,-84.414540000000002,9.0459802746
33.678750000000001,-84.414140000000003,9.1531995645
33.77469,-84.365610000000004,7.1181677057
33.75412,-84.403790000000001,7.7622297918
33.745550000000001,-84.384950000000003,7.8767742148
33.867449999999998,-84.357910000000004,6.2361861515
33.652979999999999,-84.383449999999996,7.874181044
33.826729999999998,-84.358829999999998,7.546932287
33.728789999999996,-84.404600000000002,6.3630338551
33.762929999999997,-84.387140000000002,6.3630338551
33.764229999999998,-84.375010000000003,7.7686271756
33.740369999999999,-84.43477,6.3630338551
33.81456,-84.360960000000006,7.7308960315
33.77655,-84.384780000000006,7.8724574715
33.770099999999999,-84.385000000000005,7.6594171681
33.782600000000002,-84.380189999999999,8.0657646042
33.727710000000002,-84.390659999999997,9.0195254939
33.742280000000001,-84.409040000000005,9.7375319631
33.747869999999999,-84.339439999999996,7.5948872847
33.780140000000003,-84.387469999999993,9.4460524824
33.701369999999997,-84.426779999999994,7.8291216419
33.778559999999999,-84.353020000000001,9.3405749531
33.705629999999999,-84.402540000000002,7.7217675271
33.814230000000002,-84.430880000000002,7.7217675271
33.669699999999999,-84.494029999999995,8.0657646042
33.698160000000001,-84.408479999999997,8.0958921094
33.699480000000001,-84.358599999999996,7.3160225881
33.741599999999998,-84.436920000000001,8.0523570293
33.756079999999997,-84.426599999999993,6.5547324849
33.727539999999998,-84.364189999999994,7.496609016
33.80453,-84.427440000000004,8.1584662128
33.801299999999998,-84.442310000000006,7.8317723252
33.783119999999997,-84.379620000000003,7.6544161812
33.711359999999999,-84.385050000000007,8.0523570293
33.78978,-84.425569999999993,6.1248329685
33.738529999999997,-84.448759999999993,9.0459802746
33.767270000000003,-84.335520000000002,7.2246887086
33.75168,-84.381979999999999,6.5872295613
33.761580000000002,-84.384960000000007,6.108233813
33.749560000000002,-84.495949999999993,7.7302949723
33.674239999999998,-84.496970000000005,9.5745980976
33.703200000000002,-84.377009999999999,9.9286811698
33.82329,-84.366960000000006,9.5546985764
33.761279999999999,-84.426349999999999,8.2056093005
33.753169999999997,-84.391279999999995,6.5510444318
33.752719999999997,-84.51558,6.9090918936
33.77411,-84.370440000000002,7.8335206879
33.813409999999998,-84.362830000000002,9.9200871518
33.801650000000002,-84.479290000000006,9.5745980976
33.694989999999997,-84.390879999999996,7.9820703236
33.811909999999997,-84.362750000000005,8.1304998924
33.81465,-84.470190000000002,7.9112145997
33.70438,-84.457409999999996,8.2465165342
33.812739999999998,-84.366590000000002,7.8335206879
33.68327,-84.406620000000004,7.9112145997
33.69361,-84.521339999999995,7.6544161812
33.780679999999997,-84.384889999999999,9.9200871518
33.697400000000002,-84.500600000000006,9.9200871518
33.751939999999998,-84.38964,6.6652135885
33.788159999999998,-84.446770000000001,8.1731706988
33.797370000000001,-84.40034,7.2481275791
33.706949999999999,-84.374139999999997,7.0425276677
33.805950000000003,-84.464160000000007,8.5217080419
33.6999,-84.542990000000003,9.8550737252
33.756880000000002,-84.404319999999998,6.5488168787
33.795969999999997,-84.479920000000007,9.8101334777
33.802509999999998,-84.397729999999996,8.5217080419
33.775550000000003,-84.472809999999996,7.5105930977
33.812739999999998,-84.366590000000002,7.0802776822
33.812570000000001,-84.439390000000003,6.3417745992
33.70055,-84.451490000000007,7.7718772764
33.743870000000001,-84.419370000000001,7.9862554697
33.774610000000003,-84.414649999999995,7.0802776822
33.827190000000002,-84.387559999999993,6.6613408476
33.838799999999999,-84.352239999999995,6.5806218938
33.76491,-84.382599999999996,7.9898943892
33.781410000000001,-84.387990000000002,6.5806218938
33.74765,-84.436070000000001,7.9898943892
33.820929999999997,-84.367410000000007,9.8101334777
33.777979999999999,-84.383889999999994,7.8278083062
33.734050000000003,-84.391270000000006,7.3750915745
33.713470000000001,-84.390789999999996,7.3750915745
33.715919999999997,-84.384659999999997,6.6819409199
33.740699999999997,-84.367639999999994,9.5451016893
33.75177,-84.485699999999994,9.0274803469
33.822949999999999,-84.365589999999997,9.4996287162
33.747129999999999,-84.520510000000002,7.2031635313
33.823999999999998,-84.365210000000005,6.6974294081
33.78022,-84.415139999999994,6.2361861515
33.84948,-84.381789999999995,9.4996287162
33.801650000000002,-84.479290000000006,9.1564917438
33.73818,-84.425880000000006,6.7463250155
33.774610000000003,-84.414649999999995,7.5348892979
33.760739999999998,-84.38561,7.6544161812
33.724820000000001,-84.425079999999994,6.8608662291
33.806449999999998,-84.372299999999996,6.8818828729
33.78584,-84.381789999999995,7.4376030545
33.760019999999997,-84.391779999999997,7.6544161812
33.738419999999998,-84.497280000000003,7.6544161812
33.653689999999997,-84.427229999999994,7.6544161812
33.734540000000003,-84.510589999999993,6.2361861515
33.838270000000001,-84.379270000000005,6.2361861515
33.702750000000002,-84.376379999999997,7.4374155581
33.794739999999997,-84.404750000000007,9.9200871518
33.733150000000002,-84.435699999999997,9.5010396508
33.72146,-84.412989999999994,6.2361861515
33.743940000000002,-84.490480000000005,7.6544161812
33.782229999999998,-84.369219999999999,6.1205898437
33.755200000000002,-84.388050000000007,6.9362542085
33.692950000000003,-84.374089999999995,7.4027514534
33.729080000000003,-84.443730000000002,7.4027514534
33.745100000000001,-84.508579999999995,7.3858820565
33.733960000000003,-84.401769999999999,6.3848223547
33.782020000000003,-84.380219999999994,6.4181569966
33.790860000000002,-84.389470000000003,7.9459715671
33.784689999999998,-84.404359999999997,6.7575118415
33.793750000000003,-84.495840000000001,7.7618212254
33.812449999999998,-84.433359999999993,9.0459802746
33.805219999999998,-84.431979999999996,6.4852383303
33.749679999999998,-84.516909999999996,9.0459802746
33.812739999999998,-84.366590000000002,8.7016828763
33.767890000000001,-84.430149999999998,7.3225856957
33.771009999999997,-84.388949999999994,7.2693372528
33.762860000000003,-84.374049999999997,7.4347119761
33.751609999999999,-84.391120000000001,8.5764966785
33.677010000000003,-84.396109999999993,9.0459802746
33.761299999999999,-84.375330000000005,6.7989654314
33.706490000000002,-84.487819999999999,7.0140293631
33.82114,-84.447130000000001,7.3295087441
33.786029999999997,-84.409670000000006,7.4177690295
33.795749999999998,-84.484449999999995,7.4027514534
33.690779999999997,-84.512079999999997,7.9189423443
33.734529999999999,-84.430030000000002,8.9160988349
33.800579999999997,-84.425610000000006,7.0407953585
33.745690000000003,-84.461269999999999,9.1531995645
33.752369999999999,-84.486530000000002,9.5781338908
33.753169999999997,-84.344899999999996,8.2162533474
33.779879999999999,-84.408959999999993,9.3161191361
33.831580000000002,-84.378479999999996,9.5010396508
33.788629999999998,-84.424660000000003,8.2162533474
33.805950000000003,-84.464160000000007,9.5010396508
33.793030000000002,-84.399209999999997,6.9362542085
33.733029999999999,-84.489729999999994,7.7083971698
33.68036,-84.404690000000002,7.7145655904
33.707810000000002,-84.360489999999999,7.7686271756
33.741140000000001,-84.394419999999997,6.3630338551
33.747280000000003,-84.404259999999994,9.1531995645
33.847299999999997,-84.383150000000001,7.7686271756
33.753810000000001,-84.474249999999998,8.0467057317
33.751660000000001,-84.467889999999997,7.6594171681
33.68721,-84.532250000000005,6.9090918936
33.764620000000001,-84.365610000000004,7.8767742148
33.810139999999997,-84.420789999999997,6.9090918936
33.742989999999999,-84.348789999999994,7.7905431593
33.681660000000001,-84.396199999999993,7.0425276677
33.825449999999996,-84.362179999999995,8.130686286
33.653869999999998,-84.392570000000006,8.5217080419
33.710619999999999,-84.408270000000002,7.7217675271
33.746299999999998,-84.420259999999999,9.83517371
33.818010000000001,-84.35136,6.5547324849
33.761420000000001,-84.366380000000007,6.5547324849
33.757599999999996,-84.389700000000005,9.8109050825
33.695010000000003,-84.493049999999997,6.4180026646
33.777999999999999,-84.384240000000005,9.8109050825
33.752859999999998,-84.391199999999998,6.2205042662
33.7438,-84.404359999999997,8.046792451
33.853070000000002,-84.364040000000003,8.5250516576
33.778959999999998,-84.353170000000006,8.0958921094
33.727460000000001,-84.429259999999999,8.0523570293
33.816310000000001,-84.351879999999994,8.2056093005
33.744370000000004,-84.507050000000007,7.6940723693
33.761519999999997,-84.425160000000005,7.3281327851
33.717309999999998,-84.418880000000001,7.1910328072
33.705829999999999,-84.457160000000002,7.0476679062
33.741790000000002,-84.408439999999999,7.0476679062
33.810000000000002,-84.395830000000004,8.1871844548
33.747540000000001,-84.291529999999995,8.8173958936
33.74747,-84.394149999999996,9.9643844116
33.748640000000002,-84.394970000000001,9.9200871518
33.755249999999997,-84.473569999999995,9.4491138385
33.770580000000002,-84.3827,9.1034569646
33.772669999999998,-84.380080000000007,9.6500077766
33.762549999999997,-84.383279999999999,7.8335206879
33.749499999999998,-84.325100000000006,9.4491138385
33.800579999999997,-84.425610000000006,6.0098396123
33.740229999999997,-84.407420000000002,6.6613408476
33.778359999999999,-84.390069999999994,6.6613408476
33.729869999999998,-84.404229999999998,7.8679017419
33.752330000000001,-84.399140000000003,7.8335206879
33.787909999999997,-84.399910000000006,9.8809190984
33.695,-84.535139999999998,6.039242612
33.726129999999998,-84.349170000000001,8.6329471965
33.726109999999998,-84.444370000000006,8.6329471965
33.837319999999998,-84.378600000000006,6.6204800201
33.85286,-84.382540000000006,7.1057117174
33.751939999999998,-84.38964,8.1259099168
33.676769999999998,-84.408289999999994,7.9112145997
33.781939999999999,-84.382580000000004,7.2189806008
33.761519999999997,-84.386719999999997,6.7224947309
33.780090000000001,-84.449340000000007,8.1304998924
33.854460000000003,-84.361500000000007,8.1304998924
33.814149999999998,-84.470519999999993,9.9200871518
33.738880000000002,-84.383849999999995,8.1304998924
33.655709999999999,-84.509079999999997,6.9674462118
33.716459999999998,-84.408169999999998,9.6399135904
33.72963,-84.370230000000006,7.5152635095
33.811199999999999,-84.480689999999996,6.1726080696
33.755960000000002,-84.390309999999999,9.1265177905
33.719839999999998,-84.423010000000005,7.5766084003
33.811810000000001,-84.372330000000005,6.9029203071
33.707830000000001,-84.377380000000002,6.2015225424
33.673389999999998,-84.371440000000007,7.9898943892
33.706949999999999,-84.374139999999997,7.7718772764
33.852519999999998,-84.361159999999998,6.5806218938
33.761710000000001,-84.391310000000004,6.0591613749
33.637509999999999,-84.448239999999998,6.3012454781
33.757359999999998,-84.387969999999996,7.6583768559
33.792450000000002,-84.428600000000003,7.7359998234
33.81062,-84.436959999999999,7.0057743563
33.732770000000002,-84.493260000000006,7.8422905558
33.719920000000002,-84.450519999999997,9.8101334777
33.763599999999997,-84.350970000000004,6.5590751833
33.724939999999997,-84.395930000000007,7.0748267511
33.804310000000001,-84.437790000000007,9.5451016893
33.686770000000003,-84.497730000000004,8.6539726782
33.745130000000003,-84.296679999999995,7.4441939305
33.753480000000003,-84.385310000000004,9.4996287162
33.749130000000001,-84.367549999999994,6.6974294081
33.747410000000002,-84.292450000000002,6.2441293543
33.807340000000003,-84.472930000000005,7.4177690295
33.734050000000003,-84.391270000000006,6.7463250155
33.762720000000002,-84.37406,7.4374155581
33.781019999999998,-84.384370000000004,9.8893977764
33.768300000000004,-84.428650000000005,7.308219025
33.796700000000001,-84.476169999999996,8.0700689853
33.81165,-84.367869999999996,7.118265063
33.747520000000002,-84.329099999999997,6.5547324849
33.751820000000002,-84.392799999999994,8.3948228318
